id,content_id,item_id,created_at
1,74,111,2018-05-05T03:50:08.000Z
2,131,161,2018-05-06T10:29:15.000Z
3,34,64,2018-05-06T10:29:15.000Z
4,180,199,2018-05-06T10:29:15.000Z
5,102,133,2018-05-06T10:29:15.000Z
6,83,116,2018-05-06T10:29:15.000Z
7,76,167,2018-05-06T10:29:15.000Z
8,38,56,2018-05-06T10:29:15.000Z
9,11,22,2018-05-06T10:29:15.000Z
10,19,,2018-05-06T10:29:15.000Z
11,37,189,2018-05-06T10:29:15.000Z
12,22,92,2018-05-06T10:29:15.000Z
13,38,44,2018-05-06T10:29:15.000Z
14,38,37,2018-05-06T10:29:15.000Z
15,148,176,2018-05-06T10:29:15.000Z
16,22,,2018-05-06T10:29:15.000Z
17,5,31,2018-05-06T10:29:15.000Z
18,121,153,2018-05-06T10:29:15.000Z
19,37,107,2018-05-06T10:29:15.000Z
20,22,67,2018-05-06T10:29:15.000Z
21,36,79,2018-05-06T10:29:15.000Z
22,20,25,2018-05-06T10:29:15.000Z
23,157,180,2018-05-06T10:29:15.000Z
24,103,134,2018-05-06T10:29:15.000Z
25,81,163,2018-05-06T10:29:15.000Z
26,22,41,2018-05-06T10:29:15.000Z
27,106,,2018-05-06T10:29:15.000Z
28,132,164,2018-05-06T10:29:15.000Z
29,125,156,2018-05-06T10:29:15.000Z
30,156,179,2018-05-06T10:29:15.000Z
31,174,198,2018-05-06T10:29:15.000Z
32,22,51,2018-05-06T10:29:15.000Z
33,113,145,2018-05-06T10:29:15.000Z
34,38,32,2018-05-06T10:29:15.000Z
35,46,82,2018-05-06T10:29:15.000Z
36,184,207,2018-05-06T10:29:15.000Z
37,193,98,2018-05-06T10:29:15.000Z
38,22,68,2018-05-06T10:29:15.000Z
39,19,13,2018-05-06T10:29:15.000Z
40,37,99,2018-05-06T10:29:15.000Z
41,76,158,2018-05-06T10:29:15.000Z
42,162,184,2018-05-06T10:29:15.000Z
43,139,169,2018-05-06T10:29:15.000Z
44,38,55,2018-05-06T10:29:15.000Z
45,18,46,2018-05-06T10:29:15.000Z
46,149,177,2018-05-06T10:29:15.000Z
47,5,155,2018-05-06T10:29:15.000Z
48,107,137,2018-05-06T10:29:15.000Z
49,9,4,2018-05-06T10:29:15.000Z
50,9,20,2018-05-06T10:29:15.000Z
51,9,80,2018-05-06T10:29:15.000Z
52,19,5,2018-05-06T10:29:15.000Z
53,120,152,2018-05-06T10:29:15.000Z
54,168,192,2018-05-06T10:29:15.000Z
55,160,182,2018-05-06T10:29:15.000Z
56,140,170,2018-05-06T10:29:15.000Z
57,3,19,2018-05-06T10:29:15.000Z
58,19,14,2018-05-06T10:29:15.000Z
59,110,139,2018-05-06T10:29:15.000Z
60,2,3,2018-05-06T10:29:15.000Z
61,104,136,2018-05-06T10:29:15.000Z
62,38,45,2018-05-06T10:29:15.000Z
63,51,85,2018-05-06T10:29:15.000Z
64,101,132,2018-05-06T10:29:15.000Z
65,5,138,2018-05-06T10:29:15.000Z
66,166,190,2018-05-06T10:29:15.000Z
67,19,1,2018-05-06T10:29:15.000Z
68,87,120,2018-05-06T10:29:15.000Z
69,22,,2018-05-06T10:29:15.000Z
70,65,103,2018-05-06T10:29:15.000Z
71,40,74,2018-05-06T10:29:15.000Z
72,63,101,2018-05-06T10:29:15.000Z
73,33,63,2018-05-06T10:29:15.000Z
74,91,122,2018-05-06T10:29:15.000Z
75,72,175,2018-05-06T10:29:15.000Z
76,9,43,2018-05-06T10:29:15.000Z
77,183,205,2018-05-06T10:29:15.000Z
78,178,197,2018-05-06T10:29:15.000Z
79,184,204,2018-05-06T10:29:15.000Z
80,166,127,2018-05-06T10:29:15.000Z
81,141,173,2018-05-06T10:29:15.000Z
82,61,97,2018-05-06T10:29:15.000Z
83,2,62,2018-05-06T10:29:15.000Z
84,38,58,2018-05-06T10:29:15.000Z
85,37,72,2018-05-06T10:29:15.000Z
86,13,38,2018-05-06T10:29:15.000Z
87,38,73,2018-05-06T10:29:15.000Z
88,51,130,2018-05-06T10:29:15.000Z
89,6,209,2018-05-06T10:29:15.000Z
90,9,48,2018-05-06T10:29:15.000Z
91,115,147,2018-05-06T10:29:15.000Z
92,118,150,2018-05-06T10:29:15.000Z
93,47,83,2018-05-06T10:29:15.000Z
94,9,8,2018-05-06T10:29:15.000Z
95,153,178,2018-05-06T10:29:15.000Z
96,77,114,2018-05-06T10:29:15.000Z
97,92,124,2018-05-06T10:29:15.000Z
98,48,104,2018-05-06T10:29:15.000Z
99,62,200,2018-05-06T10:29:15.000Z
100,1,30,2018-05-06T10:29:15.000Z
101,117,149,2018-05-06T10:29:15.000Z
102,38,53,2018-05-06T10:29:15.000Z
103,99,168,2018-05-06T10:29:15.000Z
104,36,143,2018-05-06T10:29:15.000Z
105,38,54,2018-05-06T10:29:15.000Z
106,4,110,2018-05-06T10:29:15.000Z
107,22,2,2018-05-06T10:29:15.000Z
108,119,151,2018-05-06T10:29:15.000Z
109,165,186,2018-05-06T10:29:15.000Z
110,109,140,2018-05-06T10:29:15.000Z
111,17,15,2018-05-06T10:29:15.000Z
112,9,39,2018-05-06T10:29:15.000Z
113,38,57,2018-05-06T10:29:15.000Z
114,94,188,2018-05-06T10:29:15.000Z
115,16,66,2018-05-06T10:29:15.000Z
116,51,93,2018-05-06T10:29:15.000Z
117,167,191,2018-05-06T10:29:15.000Z
118,94,126,2018-05-06T10:29:15.000Z
119,45,81,2018-05-06T10:29:15.000Z
120,10,26,2018-05-06T10:29:15.000Z
121,41,76,2018-05-06T10:29:15.000Z
122,53,91,2018-05-06T10:29:15.000Z
123,17,117,2018-05-06T10:29:15.000Z
124,86,119,2018-05-06T10:29:15.000Z
125,17,70,2018-05-06T10:29:15.000Z
126,112,144,2018-05-06T10:29:15.000Z
127,122,154,2018-05-06T10:29:15.000Z
128,9,,2018-05-06T10:29:15.000Z
129,30,61,2018-05-06T10:29:15.000Z
130,22,36,2018-05-06T10:29:15.000Z
131,142,174,2018-05-06T10:29:15.000Z
132,16,21,2018-05-06T10:29:15.000Z
133,64,102,2018-05-06T10:29:15.000Z
134,19,60,2018-05-06T10:29:15.000Z
135,48,105,2018-05-06T10:29:15.000Z
136,172,201,2018-05-06T10:29:15.000Z
137,76,112,2018-05-06T10:29:15.000Z
138,77,202,2018-05-06T10:29:15.000Z
139,22,11,2018-05-06T10:29:15.000Z
140,19,9,2018-05-06T10:29:15.000Z
141,93,125,2018-05-06T10:29:15.000Z
142,35,28,2018-05-06T10:29:15.000Z
143,40,75,2018-05-06T10:29:15.000Z
144,22,10,2018-05-06T10:29:15.000Z
145,37,131,2018-05-06T10:29:15.000Z
146,33,185,2018-05-06T10:29:15.000Z
147,19,187,2018-05-06T10:29:15.000Z
148,77,129,2018-05-06T10:29:15.000Z
149,71,109,2018-05-06T10:29:15.000Z
150,111,142,2018-05-06T10:29:15.000Z
151,51,106,2018-05-06T10:29:15.000Z
152,37,135,2018-05-06T10:29:15.000Z
153,60,96,2018-05-06T10:29:15.000Z
154,36,113,2018-05-06T10:29:15.000Z
155,2,7,2018-05-06T10:29:15.000Z
156,5,141,2018-05-06T10:29:15.000Z
157,52,86,2018-05-06T10:29:15.000Z
158,36,65,2018-05-06T10:29:15.000Z
159,13,35,2018-05-06T10:29:15.000Z
160,38,59,2018-05-06T10:29:15.000Z
161,22,34,2018-05-06T10:29:15.000Z
162,37,78,2018-05-06T10:29:15.000Z
163,19,47,2018-05-06T10:29:15.000Z
164,116,172,2018-05-06T10:29:15.000Z
165,137,165,2018-05-06T10:29:15.000Z
166,37,181,2018-05-06T10:29:15.000Z
167,22,6,2018-05-06T10:29:15.000Z
168,92,183,2018-05-06T10:29:15.000Z
169,172,193,2018-05-06T10:29:15.000Z
170,57,94,2018-05-06T10:29:15.000Z
171,130,216,2018-05-06T10:29:15.000Z
172,38,52,2018-05-06T10:29:15.000Z
173,40,100,2018-05-06T10:29:15.000Z
174,8,12,2018-05-06T10:29:15.000Z
175,19,203,2018-05-06T10:29:15.000Z
176,37,69,2018-05-06T10:29:15.000Z
177,38,77,2018-05-06T10:29:15.000Z
178,173,196,2018-05-06T10:29:15.000Z
179,12,17,2018-05-06T10:29:15.000Z
180,138,166,2018-05-06T10:29:15.000Z
181,59,95,2018-05-06T10:29:15.000Z
182,39,71,2018-05-06T10:29:15.000Z
183,80,115,2018-05-06T10:29:15.000Z
184,22,42,2018-05-06T10:29:15.000Z
185,85,118,2018-05-06T10:29:15.000Z
186,89,121,2018-05-06T10:29:15.000Z
187,19,162,2018-05-06T10:29:15.000Z
188,116,148,2018-05-06T10:29:15.000Z
189,22,33,2018-05-06T10:29:15.000Z
190,181,,2018-05-06T10:29:15.000Z
191,19,206,2018-05-06T10:29:15.000Z
192,73,111,2018-05-06T10:31:37.000Z
193,75,111,2018-05-06T10:31:41.000Z
194,161,184,2018-05-06T10:31:47.000Z
195,124,156,2018-05-06T10:31:51.000Z
196,123,156,2018-05-06T10:31:53.000Z
197,91,156,2018-05-06T10:31:56.000Z
198,115,173,2018-05-06T10:32:19.000Z
199,99,132,2018-05-06T10:32:28.000Z
200,100,132,2018-05-06T10:32:30.000Z
201,114,147,2018-05-06T10:32:54.000Z
202,21,46,2018-05-06T10:33:01.000Z
203,129,157,2018-05-06T10:33:22.000Z
204,128,157,2018-05-06T10:33:25.000Z
205,127,157,2018-05-06T10:33:36.000Z
206,126,157,2018-05-06T10:33:38.000Z
207,43,76,2018-05-06T10:34:52.000Z
208,42,76,2018-05-06T10:34:53.000Z
209,44,76,2018-05-06T10:34:56.000Z
210,136,165,2018-05-06T10:35:54.000Z
211,135,165,2018-05-06T10:35:56.000Z
212,134,165,2018-05-06T10:35:59.000Z
213,133,165,2018-05-06T10:36:01.000Z
214,171,193,2018-05-06T10:36:26.000Z
215,50,193,2018-05-06T10:36:28.000Z
216,170,193,2018-05-06T10:36:31.000Z
217,169,193,2018-05-06T10:36:33.000Z
218,159,182,2018-05-06T10:36:39.000Z
219,36,182,2018-05-06T10:36:40.000Z
220,152,178,2018-05-06T10:36:44.000Z
221,151,178,2018-05-06T10:36:47.000Z
222,144,178,2018-05-06T10:36:48.000Z
223,150,178,2018-05-06T10:36:50.000Z
224,149,176,2018-05-06T10:36:54.000Z
225,146,176,2018-05-06T10:36:55.000Z
226,145,176,2018-05-06T10:36:57.000Z
227,148,177,2018-05-06T10:37:01.000Z
228,147,177,2018-05-06T10:37:03.000Z
229,25,60,2018-05-06T10:37:07.000Z
230,24,60,2018-05-06T10:37:09.000Z
231,23,60,2018-05-06T10:37:11.000Z
232,29,61,2018-05-06T10:37:22.000Z
233,28,61,2018-05-06T10:37:24.000Z
234,27,61,2018-05-06T10:37:26.000Z
235,26,61,2018-05-06T10:37:29.000Z
236,55,93,2018-05-06T10:37:36.000Z
237,54,93,2018-05-06T10:37:39.000Z
238,62,101,2018-05-06T10:37:52.000Z
239,51,101,2018-05-06T10:37:54.000Z
240,50,101,2018-05-06T10:37:56.000Z
241,33,102,2018-05-06T10:38:08.000Z
242,62,102,2018-05-06T10:38:10.000Z
243,63,102,2018-05-06T10:38:12.000Z
244,51,102,2018-05-06T10:38:16.000Z
245,50,102,2018-05-06T10:38:28.000Z
246,33,103,2018-05-06T10:38:44.000Z
247,62,103,2018-05-06T10:38:46.000Z
248,63,103,2018-05-06T10:38:48.000Z
249,51,103,2018-05-06T10:38:50.000Z
250,50,103,2018-05-06T10:38:56.000Z
251,67,106,2018-05-06T10:38:59.000Z
252,66,106,2018-05-06T10:39:01.000Z
253,70,109,2018-05-06T10:39:58.000Z
254,69,109,2018-05-06T10:40:00.000Z
255,68,109,2018-05-06T10:40:02.000Z
256,51,179,2018-05-06T10:43:00.000Z
257,155,179,2018-05-06T10:43:15.000Z
258,28,179,2018-05-06T10:43:18.000Z
259,50,179,2018-05-06T10:43:20.000Z
260,154,179,2018-05-06T10:44:11.000Z
261,96,179,2018-05-06T10:48:23.000Z
262,27,185,2018-05-06T10:48:27.000Z
263,164,185,2018-05-06T10:48:29.000Z
264,66,185,2018-05-06T10:48:31.000Z
265,163,185,2018-05-06T10:48:33.000Z
266,51,185,2018-05-06T10:48:35.000Z
267,63,200,2018-05-06T10:48:38.000Z
268,97,200,2018-05-06T10:48:40.000Z
269,50,200,2018-05-06T10:48:42.000Z
270,51,200,2018-05-06T10:48:45.000Z
271,50,85,2018-05-06T10:50:09.000Z
272,49,85,2018-05-06T10:50:11.000Z
273,48,85,2018-05-06T10:50:13.000Z
274,51,201,2018-05-06T10:52:05.000Z
275,97,201,2018-05-06T10:52:07.000Z
276,63,201,2018-05-06T10:52:09.000Z
277,58,95,2018-05-06T10:52:15.000Z
278,158,180,2018-05-06T10:52:17.000Z
279,140,180,2018-05-06T10:52:19.000Z
280,114,180,2018-05-06T10:52:21.000Z
281,115,180,2018-05-06T10:52:23.000Z
282,58,190,2018-05-06T10:52:36.000Z
283,127,161,2018-05-06T10:52:47.000Z
284,98,130,2018-05-06T10:53:54.000Z
285,97,130,2018-05-06T10:53:56.000Z
286,96,130,2018-05-06T10:53:58.000Z
287,95,130,2018-05-06T10:54:00.000Z
288,14,17,2018-05-06T10:54:23.000Z
289,22,66,2018-05-06T10:54:27.000Z
290,2,1,2018-05-06T10:54:30.000Z
291,2,2,2018-05-06T10:54:40.000Z
292,22,54,2018-05-06T10:54:45.000Z
293,2,54,2018-05-06T10:54:47.000Z
294,19,3,2018-05-06T10:54:52.000Z
295,22,3,2018-05-06T10:54:55.000Z
296,5,3,2018-05-06T10:54:57.000Z
297,13,3,2018-05-06T10:55:02.000Z
298,22,55,2018-05-06T10:55:12.000Z
299,13,55,2018-05-06T10:55:15.000Z
300,2,55,2018-05-06T10:55:17.000Z
301,32,62,2018-05-06T10:55:21.000Z
302,22,62,2018-05-06T10:55:24.000Z
303,31,62,2018-05-06T10:55:26.000Z
304,13,62,2018-05-06T10:55:34.000Z
305,5,,2018-05-06T10:55:48.000Z
306,13,,2018-05-06T10:55:50.000Z
307,19,,2018-05-06T10:56:30.000Z
308,2,,2018-05-06T10:56:34.000Z
309,22,59,2018-05-06T10:56:39.000Z
310,13,59,2018-05-06T10:56:41.000Z
311,2,59,2018-05-06T10:56:43.000Z
312,5,41,2018-05-06T10:56:45.000Z
313,13,41,2018-05-06T10:56:47.000Z
314,19,41,2018-05-06T10:56:56.000Z
315,2,41,2018-05-06T10:56:57.000Z
316,22,37,2018-05-06T10:57:06.000Z
317,2,37,2018-05-06T10:57:09.000Z
318,2,47,2018-05-06T10:57:14.000Z
319,2,,2018-05-06T10:57:18.000Z
320,2,31,2018-05-06T10:57:22.000Z
321,22,31,2018-05-06T10:57:24.000Z
322,19,31,2018-05-06T10:57:27.000Z
323,22,53,2018-05-06T10:57:31.000Z
324,2,53,2018-05-06T10:57:33.000Z
325,2,64,2018-05-06T10:57:38.000Z
326,22,64,2018-05-06T10:57:40.000Z
327,19,64,2018-05-06T10:57:42.000Z
328,5,36,2018-05-06T10:57:47.000Z
329,13,36,2018-05-06T10:57:49.000Z
330,19,36,2018-05-06T10:57:52.000Z
331,2,36,2018-05-06T10:57:55.000Z
332,22,45,2018-05-06T10:57:58.000Z
333,13,45,2018-05-06T10:58:00.000Z
334,2,45,2018-05-06T10:58:02.000Z
335,19,38,2018-05-06T10:58:06.000Z
336,2,38,2018-05-06T10:58:09.000Z
337,22,32,2018-05-06T10:59:00.000Z
338,2,32,2018-05-06T10:59:03.000Z
339,13,43,2018-05-06T10:59:08.000Z
340,19,43,2018-05-06T10:59:10.000Z
341,9,42,2018-05-06T10:59:13.000Z
342,13,42,2018-05-06T10:59:15.000Z
343,22,39,2018-05-06T10:59:21.000Z
344,5,39,2018-05-06T10:59:23.000Z
345,22,80,2018-05-06T10:59:27.000Z
346,56,92,2018-05-06T10:59:30.000Z
347,38,92,2018-05-06T10:59:31.000Z
348,13,73,2018-05-06T10:59:36.000Z
349,22,73,2018-05-06T10:59:41.000Z
350,5,33,2018-05-06T11:00:18.000Z
351,5,,2018-05-06T11:00:21.000Z
352,19,,2018-05-06T11:00:24.000Z
353,2,,2018-05-06T11:00:26.000Z
354,22,52,2018-05-06T11:00:29.000Z
355,2,52,2018-05-06T11:00:31.000Z
356,5,34,2018-05-06T11:00:33.000Z
357,13,34,2018-05-06T11:00:37.000Z
358,19,34,2018-05-06T11:00:41.000Z
359,2,34,2018-05-06T11:00:43.000Z
360,22,44,2018-05-06T11:00:49.000Z
361,13,44,2018-05-06T11:00:52.000Z
362,2,44,2018-05-06T11:00:56.000Z
363,2,5,2018-05-06T11:01:41.000Z
364,5,6,2018-05-06T11:01:45.000Z
365,19,6,2018-05-06T11:01:47.000Z
366,2,6,2018-05-06T11:01:49.000Z
367,22,56,2018-05-06T11:01:52.000Z
368,2,56,2018-05-06T11:01:55.000Z
369,22,7,2018-05-06T11:02:02.000Z
370,13,7,2018-05-06T11:02:06.000Z
371,22,57,2018-05-06T11:02:45.000Z
372,13,57,2018-05-06T11:02:47.000Z
373,2,57,2018-05-06T11:02:54.000Z
374,2,9,2018-05-06T11:02:59.000Z
375,5,10,2018-05-06T11:03:03.000Z
376,19,10,2018-05-06T11:03:05.000Z
377,2,10,2018-05-06T11:03:07.000Z
378,22,77,2018-05-06T11:03:11.000Z
379,2,77,2018-05-06T11:03:13.000Z
380,5,11,2018-05-06T11:03:19.000Z
381,13,11,2018-05-06T11:03:20.000Z
382,19,11,2018-05-06T11:03:22.000Z
383,2,11,2018-05-06T11:03:24.000Z
384,22,58,2018-05-06T11:03:29.000Z
385,13,58,2018-05-06T11:03:31.000Z
386,2,58,2018-05-06T11:03:32.000Z
387,19,35,2018-05-06T11:03:36.000Z
388,2,35,2018-05-06T11:03:38.000Z
389,15,162,2018-05-06T11:03:44.000Z
390,15,187,2018-05-06T11:03:46.000Z
391,8,187,2018-05-06T11:03:48.000Z
392,4,13,2018-05-06T11:03:51.000Z
393,15,14,2018-05-06T11:03:54.000Z
394,4,14,2018-05-06T11:03:56.000Z
395,15,110,2018-05-06T11:03:58.000Z
396,19,110,2018-05-06T11:04:00.000Z
397,72,110,2018-05-06T11:04:02.000Z
398,79,115,2018-05-06T11:04:05.000Z
399,78,115,2018-05-06T11:04:07.000Z
400,90,115,2018-05-06T11:04:09.000Z
401,15,175,2018-05-06T11:04:17.000Z
402,144,175,2018-05-06T11:04:19.000Z
403,19,175,2018-05-06T11:04:21.000Z
404,143,175,2018-05-06T11:04:24.000Z
405,179,198,2018-05-06T11:04:27.000Z
406,82,116,2018-05-06T11:04:29.000Z
407,81,116,2018-05-06T11:04:31.000Z
408,84,117,2018-05-06T11:04:39.000Z
409,177,197,2018-05-06T11:04:41.000Z
410,176,197,2018-05-06T11:04:43.000Z
411,175,197,2018-05-06T11:04:45.000Z
412,174,197,2018-05-06T11:04:48.000Z
413,183,206,2018-05-06T11:04:53.000Z
414,182,206,2018-05-06T11:04:55.000Z
415,38,207,2018-05-06T11:05:10.000Z
416,181,207,2018-05-06T11:05:12.000Z
417,182,203,2018-05-06T11:05:15.000Z
418,38,204,2018-05-06T11:05:17.000Z
419,182,204,2018-05-06T11:05:19.000Z
420,184,205,2018-05-06T11:05:24.000Z
421,38,205,2018-05-06T11:05:26.000Z
422,182,205,2018-05-06T11:05:28.000Z
423,19,134,2018-05-06T11:05:32.000Z
424,108,141,2018-05-06T11:05:34.000Z
425,106,141,2018-05-06T11:05:36.000Z
426,105,141,2018-05-06T11:05:39.000Z
427,108,155,2018-05-06T11:05:42.000Z
428,105,,2018-05-06T11:05:45.000Z
429,106,137,2018-05-06T11:05:49.000Z
430,105,137,2018-05-06T11:05:51.000Z
431,108,138,2018-05-06T11:05:54.000Z
432,107,138,2018-05-06T11:05:56.000Z
433,106,138,2018-05-06T11:05:58.000Z
434,105,138,2018-05-06T11:06:01.000Z
435,88,115,2018-05-06T12:23:14.000Z
436,38,42,2018-05-07T01:19:55.000Z
437,19,,2018-05-24T18:19:34.000Z
438,38,210,2018-05-24T18:20:15.000Z
439,185,211,2018-05-25T16:25:01.000Z
440,159,212,2018-05-25T16:26:31.000Z
441,160,212,2018-05-25T16:26:42.000Z
442,186,213,2018-05-25T16:27:29.000Z
443,51,214,2018-05-31T21:17:34.000Z
444,95,214,2018-05-31T21:17:47.000Z
445,187,214,2018-05-31T21:18:03.000Z
446,45,215,2018-06-04T15:59:11.000Z
447,129,216,2018-06-04T18:25:44.000Z
448,188,216,2018-06-04T18:26:17.000Z
449,7,217,2018-06-04T20:46:57.000Z
450,6,218,2018-06-04T20:47:38.000Z
451,159,219,2018-06-04T20:48:42.000Z
452,160,219,2018-06-04T20:49:33.000Z
453,7,220,2018-06-04T21:07:37.000Z
454,111,221,2018-06-05T16:35:41.000Z
455,189,222,2018-06-05T16:36:36.000Z
456,159,223,2018-06-05T16:38:01.000Z
457,160,223,2018-06-05T16:38:15.000Z
458,190,,2018-06-05T16:40:15.000Z
459,191,223,2018-06-05T16:42:10.000Z
460,192,225,2018-06-05T20:22:48.000Z
461,194,226,2018-06-07T15:50:29.000Z
462,195,226,2018-06-07T15:51:29.000Z
463,196,229,2018-06-07T15:54:48.000Z
464,197,230,2018-06-07T15:57:25.000Z
465,19,7,2018-06-07T16:13:15.000Z
466,5,7,2018-06-07T16:13:33.000Z
467,2,231,2018-06-07T16:14:36.000Z
468,22,231,2018-06-07T16:14:58.000Z
469,13,231,2018-06-07T16:15:12.000Z
470,38,231,2018-06-07T16:15:30.000Z
471,198,232,2018-06-08T00:35:05.000Z
472,199,233,2018-06-08T00:36:32.000Z
473,200,234,2018-06-08T00:38:23.000Z
474,201,235,2018-06-08T00:41:41.000Z
475,202,,2018-06-12T17:30:27.000Z
476,203,238,2018-06-12T17:32:39.000Z
477,204,239,2018-06-12T17:35:00.000Z
478,205,240,2018-06-12T17:37:05.000Z
479,202,,2018-06-12T17:42:45.000Z
480,202,,2018-06-12T17:43:08.000Z
481,202,241,2018-06-12T17:45:32.000Z
482,202,237,2018-06-12T17:46:15.000Z
483,208,242,2018-06-12T17:47:48.000Z
484,186,243,2018-06-12T18:20:41.000Z
485,209,244,2018-06-12T18:21:25.000Z
486,19,2,2018-06-18T00:26:22.000Z
487,5,2,2018-06-18T00:26:43.000Z
488,,,2018-06-18T14:45:44.000Z
489,59,246,2018-06-18T14:49:46.000Z
490,210,247,2018-06-18T14:57:52.000Z
491,211,248,2018-06-18T15:01:00.000Z
492,212,249,2018-06-18T15:12:30.000Z
493,213,249,2018-06-18T15:12:52.000Z
494,,,2018-06-18T15:16:59.000Z
495,214,252,2018-06-18T15:21:47.000Z
496,37,253,2018-06-18T15:33:44.000Z
497,36,254,2018-06-18T15:35:42.000Z
498,132,258,2018-06-20T17:19:35.000Z
499,21,259,2018-06-20T17:27:27.000Z
500,18,259,2018-06-20T17:29:25.000Z
501,93,,2018-06-20T17:46:59.000Z
502,119,260,2018-06-20T17:47:55.000Z
503,215,261,2018-06-20T17:50:22.000Z
504,216,263,2018-06-27T14:58:47.000Z
505,217,263,2018-06-27T15:00:39.000Z
506,100,263,2018-06-27T15:29:20.000Z
507,218,263,2018-06-27T15:30:33.000Z
508,219,263,2018-06-27T15:33:18.000Z
509,221,264,2018-06-27T15:39:09.000Z
510,222,265,2018-06-27T15:44:58.000Z
511,223,266,2018-06-27T15:53:59.000Z
512,11,267,2018-06-27T15:58:24.000Z
513,224,193,2018-06-27T15:59:20.000Z
514,225,268,2018-06-27T16:52:40.000Z
515,226,268,2018-06-27T16:53:56.000Z
516,227,269,2018-06-27T16:56:26.000Z
517,228,271,2018-06-27T17:08:40.000Z
518,229,272,2018-06-27T17:11:03.000Z
519,230,273,2018-06-27T17:15:46.000Z
520,,,2018-06-27T17:21:14.000Z
521,231,279,2018-06-27T17:26:25.000Z
522,232,279,2018-06-27T17:27:48.000Z
523,233,,2018-06-27T17:28:48.000Z
524,235,279,2018-06-27T17:29:16.000Z
525,236,279,2018-06-27T17:30:14.000Z
526,229,279,2018-06-27T17:31:16.000Z
527,209,279,2018-06-27T17:31:32.000Z
528,237,279,2018-06-27T17:31:54.000Z
529,238,279,2018-06-27T17:33:11.000Z
530,239,280,2018-06-27T17:47:45.000Z
531,240,280,2018-07-02T18:57:55.000Z
532,241,280,2018-07-02T18:58:46.000Z
533,63,281,2018-07-05T18:59:15.000Z
534,51,281,2018-07-05T18:59:46.000Z
535,54,281,2018-07-05T19:00:28.000Z
536,21,282,2018-07-05T19:02:44.000Z
537,242,283,2018-07-05T19:08:00.000Z
538,243,283,2018-07-05T19:10:02.000Z
539,244,283,2018-07-05T19:10:48.000Z
540,245,283,2018-07-05T19:11:26.000Z
541,242,284,2018-07-05T19:14:51.000Z
542,243,284,2018-07-05T19:15:19.000Z
543,244,284,2018-07-05T19:15:40.000Z
544,245,284,2018-07-05T19:15:55.000Z
545,246,285,2018-07-05T19:17:08.000Z
546,247,286,2018-07-05T19:22:53.000Z
547,237,,2018-07-05T19:23:45.000Z
548,248,287,2018-07-05T19:24:36.000Z
549,249,288,2018-07-05T19:29:26.000Z
550,250,289,2018-07-05T19:45:10.000Z
551,251,290,2018-07-05T19:48:42.000Z
552,252,291,2018-07-05T19:54:57.000Z
553,253,292,2018-07-05T19:55:47.000Z
554,254,293,2018-07-05T20:00:12.000Z
555,255,294,2018-07-05T20:03:59.000Z
556,256,295,2018-07-05T20:07:26.000Z
557,257,296,2018-07-05T20:09:33.000Z
558,258,297,2018-07-05T20:11:21.000Z
559,259,300,2018-07-06T14:11:52.000Z
560,260,301,2018-07-06T14:13:53.000Z
561,189,302,2018-07-06T14:19:14.000Z
562,261,303,2018-07-06T14:23:03.000Z
563,262,304,2018-07-06T14:24:12.000Z
564,263,305,2018-07-06T14:25:32.000Z
565,225,306,2018-07-06T14:28:41.000Z
566,264,307,2018-07-06T14:29:58.000Z
567,266,307,2018-07-06T14:51:35.000Z
568,6,308,2018-07-06T14:54:50.000Z
569,267,309,2018-07-06T14:57:08.000Z
570,41,310,2018-07-06T14:58:21.000Z
571,268,311,2018-07-06T14:59:39.000Z
572,258,315,2018-07-06T15:04:32.000Z
573,,,2018-07-06T15:04:50.000Z
574,269,316,2018-07-06T15:05:34.000Z
575,270,317,2018-07-06T15:07:50.000Z
576,271,318,2018-07-06T15:50:22.000Z
577,95,320,2018-07-06T15:55:53.000Z
578,97,321,2018-07-06T15:56:15.000Z
579,51,322,2018-07-06T15:57:03.000Z
580,50,323,2018-07-06T15:58:09.000Z
581,68,324,2018-07-06T15:58:48.000Z
582,272,325,2018-07-06T15:59:48.000Z
583,273,326,2018-07-06T16:01:04.000Z
584,274,327,2018-07-06T16:01:50.000Z
585,196,328,2018-07-06T16:03:54.000Z
586,65,330,2018-07-09T18:43:05.000Z
587,275,331,2018-07-09T18:44:44.000Z
588,225,332,2018-07-09T18:55:12.000Z
589,170,333,2018-07-23T19:44:58.000Z
590,276,333,2018-07-23T19:45:16.000Z
591,96,333,2018-07-23T19:46:18.000Z
592,50,333,2018-07-23T19:46:31.000Z
593,51,333,2018-07-23T19:47:03.000Z
594,277,333,2018-07-23T19:47:29.000Z
595,278,333,2018-07-23T19:48:07.000Z
596,279,333,2018-07-23T19:48:29.000Z
597,280,333,2018-07-23T19:49:14.000Z
598,49,334,2018-07-23T19:53:42.000Z
599,276,334,2018-07-23T19:54:11.000Z
600,281,334,2018-07-23T19:54:29.000Z
601,163,334,2018-07-23T19:55:17.000Z
602,155,334,2018-07-23T19:55:25.000Z
603,282,334,2018-07-23T19:55:49.000Z
604,280,334,2018-07-23T19:56:41.000Z
605,167,335,2018-07-23T19:59:32.000Z
606,50,338,2018-07-23T20:20:07.000Z
607,280,339,2018-07-23T20:22:33.000Z
608,196,340,2018-07-23T20:24:02.000Z
609,270,341,2018-07-23T20:42:29.000Z
610,188,342,2018-07-23T20:43:34.000Z
611,283,343,2018-07-23T20:45:03.000Z
612,284,344,2018-07-23T20:46:43.000Z
613,285,345,2018-07-23T21:05:35.000Z
614,196,346,2018-07-23T21:55:15.000Z
615,196,347,2018-07-23T21:56:39.000Z
616,113,348,2018-07-23T22:00:37.000Z
617,258,348,2018-07-23T22:00:57.000Z
618,286,348,2018-07-23T22:01:11.000Z
619,288,349,2018-08-07T16:42:10.000Z
620,289,350,2018-08-07T16:46:21.000Z
621,290,351,2018-08-07T16:49:00.000Z
622,291,352,2018-08-07T16:50:20.000Z
623,292,353,2018-08-07T16:52:52.000Z
624,293,354,2018-08-07T18:10:59.000Z
625,294,355,2018-08-07T18:20:44.000Z
626,295,356,2018-08-07T18:24:06.000Z
627,296,357,2018-08-07T18:26:52.000Z
628,297,358,2018-08-07T18:33:25.000Z
629,298,,2018-08-07T18:35:29.000Z
630,299,360,2018-08-07T18:37:20.000Z
631,300,361,2018-08-07T18:39:38.000Z
632,301,362,2018-08-07T18:41:26.000Z
633,302,363,2018-08-07T18:51:21.000Z
634,303,364,2018-08-07T18:55:02.000Z
635,304,365,2018-08-07T19:01:07.000Z
636,305,366,2018-08-07T19:02:33.000Z
637,306,367,2018-08-07T20:18:55.000Z
638,307,368,2018-08-07T20:20:10.000Z
639,308,369,2018-08-14T17:00:06.000Z
640,130,157,2019-01-18T02:30:59.000Z