id,inc,inc_in_commission,discount_adj,invoice_id,item_id,created_at
1,0,0,$200.00,1,7,2018-01-30T04:17:20.000Z
2,0,0,,61,57,2018-01-30T04:17:57.000Z
3,0,0,,147,45,2018-01-30T04:17:57.000Z
4,0,0,,97,3,2018-01-30T04:17:57.000Z
5,0,0,,219,55,2018-01-30T04:17:57.000Z
6,0,0,$400.00,201,36,2018-01-30T04:17:57.000Z
7,0,0,,163,3,2018-01-30T04:17:57.000Z
8,0,0,,96,2,2018-01-30T04:17:57.000Z
9,0,0,$450.00,105,47,2018-01-30T04:17:57.000Z
10,0,0,,180,56,2018-01-30T04:17:57.000Z
11,0,0,"$1,400.00",227,35,2018-01-30T04:17:57.000Z
12,0,0,,35,54,2018-01-30T04:17:57.000Z
13,0,0,"$1,400.00",72,35,2018-01-30T04:17:57.000Z
14,0,0,$300.00,212,57,2018-01-30T04:17:57.000Z
15,0,0,,62,3,2018-01-30T04:17:57.000Z
16,0,0,-$400.00,28,6,2018-01-30T04:17:57.000Z
17,0,0,-$500.00,19,1,2018-01-30T04:17:57.000Z
18,0,0,"$1,500.00",198,35,2018-01-30T04:17:57.000Z
19,0,0,"$1,700.00",134,35,2018-01-30T04:17:57.000Z
20,0,0,"$1,900.00",248,55,2018-01-30T04:17:57.000Z
21,0,0,,192,54,2018-01-30T04:17:57.000Z
22,0,0,$500.00,189,33,2018-01-30T04:17:57.000Z
23,0,0,,199,7,2018-01-30T04:17:57.000Z
24,0,0,$500.00,120,39,2018-01-30T04:17:57.000Z
25,0,0,,108,11,2018-01-30T04:17:57.000Z
26,0,0,$400.00,235,55,2018-01-30T04:17:57.000Z
27,0,0,$450.00,144,48,2018-01-30T04:17:57.000Z
28,0,0,,243,44,2018-01-30T04:17:57.000Z
29,0,0,,119,8,2018-01-30T04:17:57.000Z
30,0,0,$800.00,176,36,2018-01-30T04:17:57.000Z
31,0,0,,171,2,2018-01-30T04:17:57.000Z
32,0,0,"$1,400.00",88,35,2018-01-30T04:17:57.000Z
33,0,0,,224,25,2018-01-30T04:17:57.000Z
34,0,0,,55,2,2018-01-30T04:17:57.000Z
35,0,0,$250.00,238,20,2018-01-30T04:17:57.000Z
36,0,0,-$400.00,148,3,2018-01-30T04:17:57.000Z
37,0,0,$450.00,32,47,2018-01-30T04:17:57.000Z
38,0,0,,92,6,2018-01-30T04:17:57.000Z
39,0,0,,77,45,2018-01-30T04:17:57.000Z
40,0,0,,95,7,2018-01-30T04:17:57.000Z
41,0,0,,125,56,2018-01-30T04:17:57.000Z
42,0,0,$600.00,75,53,2018-01-30T04:17:57.000Z
43,0,0,$300.00,33,55,2018-01-30T04:17:57.000Z
44,0,0,,131,45,2018-01-30T04:17:57.000Z
45,0,0,,21,52,2018-01-30T04:17:57.000Z
46,0,0,$100.00,168,11,2018-01-30T04:17:57.000Z
47,0,0,,191,3,2018-01-30T04:17:57.000Z
48,0,0,,8,3,2018-01-30T04:17:57.000Z
49,0,0,$500.00,217,7,2018-01-30T04:17:57.000Z
50,0,0,$900.00,30,45,2018-01-30T04:17:57.000Z
51,0,0,,34,1,2018-01-30T04:17:57.000Z
52,0,0,$100.00,247,33,2018-01-30T04:17:57.000Z
53,0,0,"$1,400.00",143,35,2018-01-30T04:17:57.000Z
54,0,0,-$450.00,165,8,2018-01-30T04:17:57.000Z
55,0,0,,181,3,2018-01-30T04:17:57.000Z
56,0,0,,245,3,2018-01-30T04:17:57.000Z
57,0,0,,203,55,2018-01-30T04:17:57.000Z
58,0,0,$800.00,36,36,2018-01-30T04:17:57.000Z
59,0,0,,153,3,2018-01-30T04:17:57.000Z
60,0,0,,41,3,2018-01-30T04:17:57.000Z
61,0,0,,82,3,2018-01-30T04:17:57.000Z
62,0,0,$400.00,58,32,2018-01-30T04:17:57.000Z
63,0,0,"$1,400.00",195,36,2018-01-30T04:17:57.000Z
64,0,0,,22,3,2018-01-30T04:17:57.000Z
65,0,0,,239,6,2018-01-30T04:17:57.000Z
66,0,0,$750.00,43,38,2018-01-30T04:17:57.000Z
67,0,0,,151,3,2018-01-30T04:17:57.000Z
68,0,0,,230,3,2018-01-30T04:17:57.000Z
69,0,0,-$100.00,211,7,2018-01-30T04:17:57.000Z
70,0,0,-$100.00,177,54,2018-01-30T04:17:57.000Z
71,0,0,,226,7,2018-01-30T04:17:57.000Z
72,0,0,,178,1,2018-01-30T04:17:57.000Z
73,0,0,$400.00,40,58,2018-01-30T04:17:57.000Z
74,0,0,,207,45,2018-01-30T04:17:57.000Z
75,0,0,,20,15,2018-01-30T04:17:57.000Z
76,0,0,,196,3,2018-01-30T04:17:57.000Z
77,0,0,-$100.00,73,7,2018-01-30T04:17:57.000Z
78,0,0,,68,7,2018-01-30T04:17:57.000Z
79,0,0,,167,41,2018-01-30T04:17:57.000Z
80,0,0,,170,3,2018-01-30T04:17:57.000Z
81,0,0,,50,3,2018-01-30T04:17:57.000Z
82,0,0,$300.00,246,33,2018-01-30T04:17:57.000Z
83,0,0,$250.00,156,48,2018-01-30T04:17:57.000Z
84,0,0,,184,3,2018-01-30T04:17:57.000Z
85,0,0,$300.00,160,7,2018-01-30T04:17:57.000Z
86,0,0,$900.00,109,45,2018-01-30T04:17:57.000Z
87,0,0,-$400.00,15,39,2018-01-30T04:17:57.000Z
88,0,0,-$250.00,31,8,2018-01-30T04:17:57.000Z
89,0,0,,38,7,2018-01-30T04:17:57.000Z
90,0,0,,210,3,2018-01-30T04:17:57.000Z
91,0,0,,155,54,2018-01-30T04:17:57.000Z
92,0,0,$800.00,229,36,2018-01-30T04:17:57.000Z
93,0,0,,172,3,2018-01-30T04:17:57.000Z
94,0,0,,25,51,2018-01-30T04:17:57.000Z
95,0,0,$300.00,45,34,2018-01-30T04:17:57.000Z
96,0,0,-$500.00,2,5,2018-01-30T04:17:57.000Z
97,0,0,,206,3,2018-01-30T04:17:57.000Z
98,0,0,"$1,500.00",53,39,2018-01-30T04:17:57.000Z
99,0,0,$450.00,112,48,2018-01-30T04:17:57.000Z
100,0,0,,80,3,2018-01-30T04:17:57.000Z
101,0,0,$500.00,146,55,2018-01-30T04:17:57.000Z
102,0,0,,89,7,2018-01-30T04:17:57.000Z
103,0,0,,107,7,2018-01-30T04:17:57.000Z
104,0,0,,220,56,2018-01-30T04:17:57.000Z
105,0,0,$200.00,29,7,2018-01-30T04:17:57.000Z
106,0,0,,126,3,2018-01-30T04:17:57.000Z
107,0,0,$300.00,116,3,2018-01-30T04:17:57.000Z
108,0,0,-$500.00,136,1,2018-01-30T04:17:57.000Z
109,0,0,,110,3,2018-01-30T04:17:57.000Z
110,0,0,,13,59,2018-01-30T04:17:57.000Z
111,0,0,-$400.00,16,3,2018-01-30T04:17:57.000Z
112,0,0,,23,11,2018-01-30T04:17:57.000Z
113,0,0,,164,5,2018-01-30T04:17:57.000Z
114,0,0,$750.00,18,31,2018-01-30T04:17:57.000Z
115,0,0,$700.00,46,39,2018-01-30T04:17:57.000Z
116,0,0,,56,3,2018-01-30T04:17:57.000Z
117,0,0,,17,54,2018-01-30T04:17:57.000Z
118,0,0,,5,55,2018-01-30T04:17:57.000Z
119,0,0,,49,7,2018-01-30T04:17:57.000Z
120,0,0,,241,6,2018-01-30T04:17:57.000Z
121,0,0,$700.00,64,39,2018-01-30T04:17:57.000Z
122,0,0,,218,3,2018-01-30T04:17:57.000Z
123,0,0,-$650.00,242,33,2018-01-30T04:17:57.000Z
124,0,0,$400.00,122,32,2018-01-30T04:17:57.000Z
125,0,0,,94,3,2018-01-30T04:17:57.000Z
126,0,0,,204,3,2018-01-30T04:17:57.000Z
127,0,0,,149,45,2018-01-30T04:17:57.000Z
128,0,0,,103,3,2018-01-30T04:17:57.000Z
129,0,0,,233,3,2018-01-30T04:17:57.000Z
130,0,0,$500.00,174,53,2018-01-30T04:17:57.000Z
131,0,0,,3,7,2018-01-30T04:17:57.000Z
132,0,0,,78,7,2018-01-30T04:17:57.000Z
133,0,0,$900.00,7,55,2018-01-30T04:17:57.000Z
134,0,0,$800.00,175,39,2018-01-30T04:17:57.000Z
135,0,0,,100,3,2018-01-30T04:17:57.000Z
136,0,0,-$100.00,162,3,2018-01-30T04:17:57.000Z
137,0,0,,132,7,2018-01-30T04:17:57.000Z
138,0,0,,79,5,2018-01-30T04:17:57.000Z
139,0,0,,216,62,2018-01-30T04:17:57.000Z
140,0,0,"$1,400.00",214,32,2018-01-30T04:17:57.000Z
141,0,0,$700.00,115,34,2018-01-30T04:17:57.000Z
142,0,0,,91,3,2018-01-30T04:17:57.000Z
143,0,0,,99,3,2018-01-30T04:17:57.000Z
144,0,0,$800.00,187,36,2018-01-30T04:17:57.000Z
145,0,0,,202,7,2018-01-30T04:17:57.000Z
146,0,0,,69,3,2018-01-30T04:17:57.000Z
147,0,0,$400.00,24,36,2018-01-30T04:17:57.000Z
148,0,0,,139,3,2018-01-30T04:17:57.000Z
149,0,0,"$1,400.00",142,35,2018-01-30T04:17:57.000Z
150,0,0,$450.00,200,38,2018-01-30T04:17:57.000Z
151,0,0,"$2,000.00",63,57,2018-01-30T04:17:57.000Z
152,0,0,,179,54,2018-01-30T04:17:57.000Z
153,0,0,,11,11,2018-01-30T04:17:57.000Z
154,0,0,,67,3,2018-01-30T04:17:57.000Z
155,0,0,$500.00,221,39,2018-01-30T04:17:57.000Z
156,0,0,,70,3,2018-01-30T04:17:57.000Z
157,0,0,,104,7,2018-01-30T04:17:57.000Z
158,0,0,$800.00,169,64,2018-01-30T04:17:57.000Z
159,0,0,,84,11,2018-01-30T04:17:57.000Z
160,0,0,,44,3,2018-01-30T04:17:57.000Z
161,0,0,$300.00,152,42,2018-01-30T04:17:57.000Z
162,0,0,,161,3,2018-01-30T04:17:57.000Z
163,0,0,"$1,000.00",194,43,2018-01-30T04:17:57.000Z
164,0,0,"$1,000.00",158,32,2018-01-30T04:17:57.000Z
165,0,0,"$1,100.00",81,3,2018-01-30T04:17:57.000Z
166,0,0,,37,3,2018-01-30T04:17:57.000Z
167,0,0,,42,3,2018-01-30T04:17:57.000Z
168,0,0,,157,3,2018-01-30T04:17:57.000Z
169,0,0,$800.00,133,39,2018-01-30T04:17:57.000Z
170,0,0,$200.00,215,57,2018-01-30T04:17:57.000Z
171,0,0,$500.00,154,38,2018-01-30T04:17:57.000Z
172,0,0,,59,3,2018-01-30T04:17:57.000Z
173,0,0,"$1,400.00",150,35,2018-01-30T04:17:57.000Z
174,0,0,,222,33,2018-01-30T04:17:57.000Z
175,0,0,,124,3,2018-01-30T04:17:57.000Z
176,0,0,,71,3,2018-01-30T04:17:57.000Z
177,0,0,-$500.00,182,1,2018-01-30T04:17:57.000Z
178,0,0,"$1,400.00",54,35,2018-01-30T04:17:57.000Z
179,0,0,,223,3,2018-01-30T04:17:57.000Z
180,0,0,$100.00,101,7,2018-01-30T04:17:57.000Z
181,0,0,$700.00,86,3,2018-01-30T04:17:57.000Z
182,0,0,,185,3,2018-01-30T04:17:57.000Z
183,0,0,,234,3,2018-01-30T04:17:57.000Z
184,0,0,"$1,800.00",106,7,2018-01-30T04:17:57.000Z
185,0,0,,130,55,2018-01-30T04:17:57.000Z
186,0,0,,128,3,2018-01-30T04:17:57.000Z
187,0,0,-$100.00,123,3,2018-01-30T04:17:57.000Z
188,0,0,,87,3,2018-01-30T04:17:57.000Z
189,0,0,,114,55,2018-01-30T04:17:57.000Z
190,0,0,"-$1,200.00",138,3,2018-01-30T04:17:57.000Z
191,0,0,,85,3,2018-01-30T04:17:57.000Z
192,0,0,,186,55,2018-01-30T04:17:57.000Z
193,0,0,$300.00,159,39,2018-01-30T04:17:57.000Z
194,0,0,"$1,550.00",225,53,2018-01-30T04:17:57.000Z
195,0,0,,52,11,2018-01-30T04:17:57.000Z
196,0,0,,90,8,2018-01-30T04:17:57.000Z
197,0,0,"$1,100.00",140,39,2018-01-30T04:17:57.000Z
198,0,0,$500.00,166,45,2018-01-30T04:17:57.000Z
199,0,0,$600.00,190,53,2018-01-30T04:17:57.000Z
200,0,0,,12,3,2018-01-30T04:17:57.000Z
201,0,0,,183,3,2018-01-30T04:17:57.000Z
202,0,0,,6,33,2018-01-30T04:17:57.000Z
203,0,0,$500.00,66,3,2018-01-30T04:17:57.000Z
204,0,0,,118,3,2018-01-30T04:17:57.000Z
205,0,0,,57,3,2018-01-30T04:17:57.000Z
206,0,0,$800.00,135,36,2018-01-30T04:17:57.000Z
207,0,0,,83,55,2018-01-30T04:17:57.000Z
208,0,0,$900.00,74,53,2018-01-30T04:17:57.000Z
209,0,0,,10,3,2018-01-30T04:17:57.000Z
210,0,0,,51,36,2018-01-30T04:17:57.000Z
211,0,0,,117,3,2018-01-30T04:17:57.000Z
212,0,0,$100.00,141,36,2018-01-30T04:17:57.000Z
213,0,0,"$1,550.00",60,53,2018-01-30T04:17:57.000Z
214,0,0,$200.00,127,55,2018-01-30T04:17:57.000Z
215,0,0,$200.00,121,38,2018-01-30T04:17:57.000Z
216,0,0,$800.00,240,53,2018-01-30T04:17:57.000Z
217,0,0,"$1,300.00",188,53,2018-01-30T04:17:57.000Z
218,0,0,$100.00,76,3,2018-01-30T04:17:57.000Z
219,0,0,$400.00,26,57,2018-01-30T04:17:57.000Z
220,0,0,-$650.00,14,7,2018-01-30T04:17:57.000Z
221,0,0,,98,2,2018-01-30T04:17:57.000Z
222,0,0,,205,3,2018-01-30T04:17:57.000Z
223,0,0,,4,7,2018-01-30T04:17:57.000Z
224,0,0,$400.00,48,56,2018-01-30T04:17:57.000Z
225,0,0,,193,55,2018-01-30T04:17:57.000Z
226,0,0,"$1,200.00",236,35,2018-01-30T04:17:57.000Z
227,0,0,$750.00,209,37,2018-01-30T04:17:57.000Z
228,0,0,$600.00,231,32,2018-01-30T04:17:57.000Z
229,0,0,,232,2,2018-01-30T04:17:57.000Z
230,0,0,-$300.00,65,3,2018-01-30T04:17:57.000Z
231,0,0,,113,3,2018-01-30T04:17:57.000Z
232,0,0,"$1,250.00",173,39,2018-01-30T04:17:57.000Z
233,0,0,,27,7,2018-01-30T04:17:57.000Z
234,0,0,$400.00,228,45,2018-01-30T04:17:57.000Z
235,0,0,,145,11,2018-01-30T04:17:57.000Z
236,0,0,$500.00,93,45,2018-01-30T04:17:57.000Z
237,0,0,,213,55,2018-01-30T04:17:57.000Z
238,0,0,,244,3,2018-01-30T04:17:57.000Z
239,1,0,$300.00,86,15,2018-01-30T04:23:57.000Z
240,1,0,,69,15,2018-01-30T04:24:24.000Z
241,0,0,,231,17,2018-01-30T04:28:41.000Z
242,0,0,,162,17,2018-01-30T04:51:42.000Z
243,0,0,,162,15,2018-01-30T04:51:51.000Z
244,0,0,,13,17,2018-01-30T05:21:59.000Z
245,0,0,,227,28,2018-01-30T05:25:47.000Z
246,0,0,,88,28,2018-01-30T14:45:32.000Z
247,1,0,,27,15,2018-01-30T14:46:20.000Z
248,1,0,,135,15,2018-01-30T14:52:20.000Z
249,0,0,,142,28,2018-01-30T14:53:14.000Z
250,0,0,,35,17,2018-01-30T14:54:09.000Z
251,0,0,,54,28,2018-01-30T14:55:18.000Z
252,1,0,,18,15,2018-01-30T14:56:04.000Z
253,1,0,,209,15,2018-01-30T15:02:44.000Z
254,1,0,,201,15,2018-01-30T15:04:58.000Z
255,1,0,,89,15,2018-01-30T15:06:20.000Z
256,0,0,,246,25,2018-01-30T15:10:29.000Z
257,0,0,,198,28,2018-01-30T15:27:54.000Z
258,0,0,,72,28,2018-01-30T15:31:17.000Z
259,0,0,,236,28,2018-01-30T15:32:06.000Z
260,0,0,,143,28,2018-01-30T15:32:26.000Z
261,0,0,,26,17,2018-01-30T15:33:26.000Z
262,1,0,,78,15,2018-01-30T15:35:58.000Z
263,0,0,,95,15,2018-01-30T15:43:26.000Z
264,1,0,,202,15,2018-01-30T16:12:32.000Z
265,0,0,,199,15,2018-01-30T16:16:11.000Z
266,1,0,,4,15,2018-01-30T16:17:15.000Z
267,0,0,,242,25,2018-01-30T16:24:41.000Z
268,0,0,,10,15,2018-01-30T16:36:39.000Z
269,1,0,,116,15,2018-01-30T16:41:16.000Z
270,0,0,,150,28,2018-01-30T16:43:19.000Z
271,1,0,,43,15,2018-01-30T16:56:45.000Z
272,0,0,,24,17,2018-01-30T17:12:59.000Z
273,0,0,,82,15,2018-01-30T17:17:06.000Z
274,0,0,,37,15,2018-01-30T17:17:58.000Z
275,0,0,,37,17,2018-01-30T17:18:04.000Z
276,0,0,,216,15,2018-01-30T17:49:53.000Z
277,0,0,$100.00,216,61,2018-01-30T17:50:05.000Z
278,0,0,$100.00,216,60,2018-01-30T17:51:09.000Z
279,1,0,,107,15,2018-01-30T17:54:36.000Z
280,0,0,-$400.00,107,40,2018-01-30T17:54:36.000Z
281,0,0,-$50.00,107,24,2018-01-30T17:54:49.000Z
282,0,0,,40,17,2018-01-30T18:12:01.000Z
283,0,0,,196,70,2018-01-30T18:15:44.000Z
284,1,0,,207,19,2018-01-30T18:19:51.000Z
285,0,0,,46,22,2018-01-30T18:24:30.000Z
286,0,0,,245,15,2018-01-30T18:44:39.000Z
287,0,0,,212,17,2018-01-30T18:52:59.000Z
288,0,0,,183,15,2018-01-30T18:54:08.000Z
289,0,0,,243,17,2018-01-30T18:58:32.000Z
290,0,0,,93,17,2018-01-30T19:02:26.000Z
291,0,0,,61,15,2018-01-30T19:18:24.000Z
292,0,0,,61,17,2018-01-30T19:18:39.000Z
293,0,0,,61,22,2018-01-30T19:18:52.000Z
294,0,0,,61,19,2018-01-30T19:19:05.000Z
295,0,0,,241,17,2018-01-30T19:32:11.000Z
296,1,0,,66,15,2018-01-30T19:54:12.000Z
297,0,0,,76,22,2018-01-30T19:57:05.000Z
298,0,0,,87,15,2018-01-30T20:07:40.000Z
299,0,0,,29,15,2018-01-30T20:09:13.000Z
300,0,0,,29,22,2018-01-30T20:09:26.000Z
301,0,0,,29,46,2018-01-30T20:09:33.000Z
302,0,0,,138,19,2018-01-30T21:00:50.000Z
303,0,0,,138,46,2018-01-30T21:01:06.000Z
304,0,0,,228,17,2018-01-31T14:56:57.000Z
305,0,0,,73,15,2018-01-31T14:58:30.000Z
306,0,0,,73,22,2018-01-31T14:58:40.000Z
307,0,0,,73,19,2018-01-31T14:58:49.000Z
308,0,0,,75,17,2018-01-31T15:00:19.000Z
309,0,0,,148,17,2018-01-31T15:01:47.000Z
310,0,0,,148,70,2018-01-31T15:01:57.000Z
311,0,0,,125,17,2018-01-31T15:04:00.000Z
312,0,0,-$775.00,51,40,2018-01-31T15:06:16.000Z
313,0,0,-$775.00,51,23,2018-01-31T15:06:35.000Z
314,0,0,,187,21,2018-01-31T15:10:49.000Z
315,0,0,,141,70,2018-01-31T15:11:56.000Z
316,0,0,,141,40,2018-01-31T15:12:07.000Z
317,1,0,,141,29,2018-01-31T15:12:17.000Z
318,0,0,,141,22,2018-01-31T15:12:27.000Z
319,0,0,,177,70,2018-01-31T15:14:17.000Z
320,0,0,,211,15,2018-01-31T15:16:32.000Z
321,0,0,,103,15,2018-01-31T15:18:03.000Z
322,0,0,,77,17,2018-01-31T15:27:45.000Z
323,0,0,,28,15,2018-01-31T15:29:23.000Z
324,0,0,,28,26,2018-01-31T15:29:32.000Z
325,0,0,,14,17,2018-01-31T15:44:06.000Z
326,0,0,,14,19,2018-01-31T15:44:37.000Z
327,0,0,,91,70,2018-01-31T15:48:45.000Z
328,0,0,,157,19,2018-01-31T15:50:54.000Z
329,0,0,,65,17,2018-01-31T16:06:44.000Z
330,1,0,,65,70,2018-01-31T16:09:13.000Z
331,0,0,,65,19,2018-01-31T16:09:32.000Z
332,0,0,,16,22,2018-01-31T16:13:44.000Z
333,0,0,,156,49,2018-01-31T16:18:16.000Z
334,1,0,,191,15,2018-01-31T16:20:44.000Z
335,0,0,,191,17,2018-01-31T16:20:56.000Z
336,0,0,,191,19,2018-01-31T16:21:21.000Z
337,0,0,,108,16,2018-01-31T17:11:22.000Z
338,0,0,,30,17,2018-01-31T17:24:26.000Z
339,0,0,,94,19,2018-01-31T17:30:12.000Z
340,0,0,,80,15,2018-01-31T17:30:46.000Z
341,1,0,,235,70,2018-01-31T17:32:00.000Z
342,0,0,,235,17,2018-01-31T17:32:09.000Z
343,0,0,,170,15,2018-01-31T17:42:24.000Z
344,0,0,,170,17,2018-01-31T17:42:33.000Z
345,0,0,,203,15,2018-01-31T17:44:56.000Z
346,0,0,,203,17,2018-01-31T17:45:03.000Z
347,1,0,,248,15,2018-01-31T17:48:44.000Z
348,1,0,,33,19,2018-01-31T17:50:01.000Z
349,0,0,,120,17,2018-01-31T17:51:08.000Z
350,0,0,,166,17,2018-01-31T17:53:11.000Z
351,0,0,$150.00,145,15,2018-01-31T18:04:04.000Z
352,0,0,,226,15,2018-01-31T18:05:54.000Z
353,0,0,,226,17,2018-01-31T18:06:37.000Z
354,0,0,,153,17,2018-01-31T18:07:47.000Z
355,0,0,,59,19,2018-01-31T18:12:02.000Z
356,1,0,,104,19,2018-01-31T18:13:59.000Z
357,0,0,,213,17,2018-01-31T18:14:57.000Z
358,0,0,,215,17,2018-01-31T18:17:11.000Z
359,0,0,,215,22,2018-01-31T18:17:24.000Z
360,0,0,,62,15,2018-01-31T18:18:21.000Z
361,0,0,,7,17,2018-01-31T18:19:22.000Z
362,0,0,,234,15,2018-01-31T18:21:16.000Z
363,0,0,,204,17,2018-01-31T18:24:46.000Z
364,0,0,,147,17,2018-01-31T18:28:09.000Z
365,1,0,,114,15,2018-01-31T18:28:45.000Z
366,0,0,,114,17,2018-01-31T18:28:56.000Z
367,0,0,,114,22,2018-01-31T18:29:05.000Z
368,0,0,,114,19,2018-01-31T18:29:33.000Z
369,0,0,-$300.00,50,23,2018-01-31T19:03:04.000Z
370,0,0,,15,70,2018-01-31T19:12:09.000Z
371,0,0,,192,17,2018-01-31T19:37:03.000Z
372,0,0,,70,15,2018-01-31T19:37:55.000Z
373,0,0,,244,19,2018-01-31T19:38:31.000Z
374,0,0,,210,15,2018-01-31T19:40:31.000Z
375,0,0,-$200.00,222,63,2018-01-31T19:43:39.000Z
376,0,0,,193,17,2018-01-31T19:46:09.000Z
377,0,0,,193,19,2018-01-31T19:46:28.000Z
378,0,0,,48,17,2018-01-31T19:47:11.000Z
379,0,0,-$100.00,224,50,2018-01-31T20:17:04.000Z
380,0,0,,238,18,2018-01-31T20:18:52.000Z
381,1,0,,123,30,2018-01-31T20:23:03.000Z
382,0,0,,149,17,2018-01-31T20:25:26.000Z
383,0,0,,149,27,2018-01-31T20:25:32.000Z
384,0,0,,186,17,2018-01-31T20:28:16.000Z
385,0,0,$400.00,186,19,2018-01-31T20:28:22.000Z
386,0,0,,5,17,2018-01-31T20:30:32.000Z
387,0,0,,5,15,2018-01-31T20:30:41.000Z
388,1,0,,83,15,2018-01-31T20:33:35.000Z
389,0,0,,83,17,2018-01-31T20:33:42.000Z
390,0,0,,44,15,2018-01-31T20:34:22.000Z
391,0,0,,44,19,2018-01-31T20:34:32.000Z
392,0,0,,109,17,2018-01-31T20:38:06.000Z
393,0,0,,164,17,2018-01-31T20:40:49.000Z
394,0,0,,22,70,2018-01-31T20:42:53.000Z
395,0,0,,113,15,2018-01-31T20:45:08.000Z
396,0,0,,6,40,2018-01-31T20:59:33.000Z
397,1,0,,127,15,2018-01-31T21:10:39.000Z
398,0,0,,127,17,2018-01-31T21:10:47.000Z
399,0,0,,174,17,2018-01-31T21:12:23.000Z
400,0,0,,161,15,2018-01-31T21:13:09.000Z
401,0,0,$400.00,81,17,2018-02-03T19:51:58.000Z
402,0,0,,237,58,2018-02-07T00:54:04.000Z
403,0,0,,237,17,2018-02-07T00:54:37.000Z
404,0,0,,102,58,2018-02-07T00:57:10.000Z
405,0,0,,102,17,2018-02-07T00:57:44.000Z
406,0,0,$300.00,111,57,2018-02-07T00:59:27.000Z
407,0,0,,111,17,2018-02-07T01:00:02.000Z
408,0,0,$600.00,47,57,2018-02-07T01:01:29.000Z
409,0,0,,47,17,2018-02-07T01:01:59.000Z
410,0,0,$700.00,9,57,2018-02-07T01:02:46.000Z
411,0,0,,9,17,2018-02-07T01:03:00.000Z
412,0,0,,39,57,2018-02-07T01:03:27.000Z
413,0,0,,39,17,2018-02-07T01:03:54.000Z
414,0,0,,197,57,2018-02-07T01:04:30.000Z
415,0,0,,197,17,2018-02-07T01:05:01.000Z
416,0,0,,137,57,2018-02-07T01:05:26.000Z
417,0,0,$400.00,137,17,2018-02-07T01:06:13.000Z
418,0,0,$200.00,208,57,2018-02-07T01:08:59.000Z
419,0,0,,208,17,2018-02-07T01:09:41.000Z
420,0,0,,38,17,2018-02-12T01:00:19.000Z
421,0,0,,249,3,2018-02-13T16:23:34.000Z
422,0,0,,249,17,2018-02-13T16:24:43.000Z
423,0,0,,250,3,2018-02-13T16:46:47.000Z
424,0,0,,251,3,2018-02-19T18:01:28.000Z
425,0,0,,252,3,2018-02-19T18:04:47.000Z
426,0,0,$400.00,253,2,2018-02-19T18:07:48.000Z
427,0,0,,253,17,2018-02-19T18:09:30.000Z
428,0,0,,254,7,2018-02-19T18:19:46.000Z
429,0,0,$300.00,255,7,2018-02-19T20:41:51.000Z
430,0,0,,255,26,2018-02-19T20:42:39.000Z
431,0,0,,256,2,2018-02-19T20:55:22.000Z
432,0,0,,257,3,2018-02-19T20:58:48.000Z
433,0,0,,257,17,2018-02-19T20:59:16.000Z
434,0,0,,258,2,2018-02-19T21:02:28.000Z
435,0,0,,259,6,2018-02-19T21:06:47.000Z
436,0,0,,259,17,2018-02-19T21:07:28.000Z
437,0,0,,260,7,2018-02-19T21:11:26.000Z
438,0,0,,261,3,2018-02-19T21:14:37.000Z
439,0,0,,262,2,2018-02-19T21:17:37.000Z
440,0,0,,263,3,2018-02-19T21:20:52.000Z
441,0,0,$700.00,264,39,2018-02-19T21:24:02.000Z
442,0,0,,264,17,2018-02-19T21:25:14.000Z
443,0,0,$400.00,265,20,2018-02-19T21:29:19.000Z
444,0,0,,265,65,2018-02-19T21:29:51.000Z
445,0,0,,266,3,2018-02-19T21:39:55.000Z
446,0,0,,267,57,2018-02-19T21:42:23.000Z
447,0,0,,267,17,2018-02-19T21:42:57.000Z
448,1,0,,267,15,2018-02-19T21:43:27.000Z
449,0,0,,268,2,2018-02-19T21:46:00.000Z
450,0,0,,268,17,2018-02-19T21:46:24.000Z
451,1,0,,269,7,2018-02-19T21:51:29.000Z
452,1,0,,270,47,2018-02-20T14:31:24.000Z
453,1,0,,270,29,2018-02-20T14:34:02.000Z
454,0,0,"$1,200.00",271,36,2018-02-20T14:38:43.000Z
455,0,0,,271,17,2018-02-20T14:40:58.000Z
456,0,0,,272,5,2018-02-20T14:45:59.000Z
457,0,0,,272,17,2018-02-20T14:46:23.000Z
458,0,0,,273,55,2018-02-20T14:49:37.000Z
459,1,1,,273,15,2018-02-20T14:50:38.000Z
460,0,0,,274,3,2018-02-20T14:54:04.000Z
461,0,0,,275,7,2018-02-20T14:56:44.000Z
462,0,0,,275,17,2018-02-20T14:58:32.000Z
463,0,0,,276,7,2018-02-20T15:02:33.000Z
464,0,0,,277,3,2018-02-20T15:05:36.000Z
465,0,0,,278,38,2018-02-20T15:08:42.000Z
466,0,0,$450.00,279,38,2018-02-20T15:14:12.000Z
467,0,0,,280,2,2018-02-20T15:17:34.000Z
468,0,0,,280,15,2018-02-20T15:18:05.000Z
469,0,0,,250,17,2018-02-20T15:19:56.000Z
470,0,0,,281,6,2018-02-20T15:23:06.000Z
471,0,0,$500.00,282,3,2018-02-20T15:27:04.000Z
472,0,0,"$1,300.00",283,45,2018-02-20T15:30:53.000Z
473,0,0,$600.00,284,31,2018-02-20T15:43:41.000Z
474,0,0,,285,7,2018-02-20T15:46:38.000Z
475,0,0,,285,17,2018-02-20T15:47:15.000Z
476,1,0,,285,15,2018-02-20T15:47:26.000Z
477,0,0,$300.00,286,38,2018-02-20T15:53:00.000Z
478,1,0,,286,66,2018-02-20T15:53:59.000Z
479,0,0,,287,56,2018-02-20T15:57:36.000Z
480,0,0,$700.00,288,38,2018-02-20T16:02:45.000Z
481,1,0,,288,67,2018-02-20T16:04:07.000Z
482,0,0,,289,33,2018-02-20T16:12:46.000Z
483,0,0,$900.00,290,38,2018-02-20T16:15:24.000Z
484,0,0,$150.00,291,8,2018-02-20T16:19:04.000Z
485,0,0,,292,5,2018-02-20T16:46:42.000Z
486,0,0,,293,11,2018-02-20T16:49:49.000Z
487,0,0,$500.00,294,7,2018-02-20T16:55:34.000Z
488,0,0,,294,17,2018-02-20T16:56:06.000Z
489,0,0,,295,1,2018-02-20T17:00:50.000Z
490,1,0,,295,68,2018-02-20T17:01:46.000Z
491,0,0,,296,2,2018-02-20T17:14:24.000Z
492,0,0,,297,3,2018-02-20T17:16:07.000Z
493,0,0,,298,3,2018-02-20T17:18:45.000Z
494,0,0,,299,3,2018-02-20T17:22:13.000Z
495,0,0,"$1,000.00",300,53,2018-02-20T17:30:56.000Z
496,0,0,$300.00,301,3,2018-02-20T17:36:55.000Z
497,0,0,,302,54,2018-02-20T17:43:16.000Z
498,0,0,,303,3,2018-02-20T17:46:26.000Z
499,0,0,$400.00,304,3,2018-02-20T17:49:34.000Z
500,0,0,,304,17,2018-02-20T17:49:54.000Z
501,0,0,$300.00,305,6,2018-02-20T17:52:24.000Z
502,0,0,$500.00,306,31,2018-02-20T17:57:07.000Z
503,0,0,,307,11,2018-02-20T18:03:32.000Z
504,0,0,,308,3,2018-02-20T18:06:37.000Z
505,0,0,,309,3,2018-02-20T18:10:21.000Z
506,0,0,$140.00,309,69,2018-02-20T18:10:41.000Z
507,0,0,"$1,200.00",310,53,2018-02-20T20:40:26.000Z
508,0,0,,311,9,2018-02-20T20:45:48.000Z
509,0,0,,311,15,2018-02-20T20:46:35.000Z
510,0,0,$500.00,312,55,2018-02-20T20:52:57.000Z
511,0,0,,313,3,2018-02-20T20:55:56.000Z
512,0,0,$500.00,314,3,2018-02-20T20:58:29.000Z
513,0,0,$400.00,315,7,2018-02-20T21:05:30.000Z
514,0,0,,315,17,2018-02-20T21:05:52.000Z
515,0,0,,316,2,2018-02-20T21:13:30.000Z
516,0,0,,317,2,2018-02-20T21:17:17.000Z
517,0,0,,317,17,2018-02-20T21:17:44.000Z
518,0,0,,318,62,2018-02-20T21:22:20.000Z
519,0,0,,319,11,2018-02-20T21:25:24.000Z
520,0,0,"$1,550.00",320,53,2018-02-20T21:31:06.000Z
521,0,0,$700.00,321,39,2018-02-20T21:34:59.000Z
522,0,0,,322,3,2018-02-20T21:39:50.000Z
523,0,0,,322,17,2018-02-20T21:41:03.000Z
524,0,0,$800.00,323,36,2018-02-20T21:43:29.000Z
525,0,0,,324,3,2018-02-20T21:49:57.000Z
526,0,0,,325,3,2018-02-20T21:52:59.000Z
527,0,0,,326,3,2018-02-20T21:55:48.000Z
528,0,0,,326,15,2018-02-20T21:56:50.000Z
529,0,0,-$300.00,327,7,2018-02-26T14:39:44.000Z
530,0,0,$450.00,328,20,2018-02-26T15:01:02.000Z
531,0,0,$300.00,329,33,2018-02-26T15:10:53.000Z
532,1,0,,329,71,2018-02-26T15:11:40.000Z
533,0,0,$100.00,330,6,2018-02-26T15:19:54.000Z
534,0,0,,331,55,2018-02-26T15:23:44.000Z
535,0,0,,331,17,2018-02-26T15:24:30.000Z
536,0,0,$200.00,331,19,2018-02-26T15:24:41.000Z
537,1,0,,331,15,2018-02-26T15:25:08.000Z
538,0,0,$700.00,332,39,2018-02-26T15:51:47.000Z
539,0,0,,332,19,2018-02-26T15:52:20.000Z
540,0,0,,332,72,2018-02-26T15:53:26.000Z
541,0,0,$100.00,333,3,2018-02-26T18:24:11.000Z
542,0,0,,333,19,2018-02-26T18:24:46.000Z
543,1,0,,333,15,2018-02-26T18:25:01.000Z
544,0,0,,334,3,2018-02-26T18:31:14.000Z
545,0,0,,334,19,2018-02-26T18:32:33.000Z
546,0,0,,335,6,2018-02-26T18:39:34.000Z
547,0,0,$700.00,336,45,2018-02-26T18:48:09.000Z
548,0,0,,336,17,2018-02-26T18:49:21.000Z
549,0,0,,336,19,2018-02-26T18:49:44.000Z
550,0,0,,337,7,2018-02-26T19:30:34.000Z
551,0,0,"$1,250.00",338,3,2018-02-26T19:34:43.000Z
552,0,0,,339,73,2018-02-26T19:40:55.000Z
553,0,0,$200.00,340,7,2018-02-26T19:52:33.000Z
554,0,0,,341,3,2018-02-26T19:56:21.000Z
555,0,0,,342,38,2018-02-26T19:59:37.000Z
556,0,0,,343,7,2018-02-26T20:03:20.000Z
557,0,0,,343,74,2018-02-26T20:03:34.000Z
558,0,0,$600.00,344,42,2018-02-26T20:11:44.000Z
559,0,0,,344,15,2018-02-26T20:13:39.000Z
560,0,0,,345,54,2018-02-26T20:16:22.000Z
561,0,0,,346,3,2018-02-26T20:23:23.000Z
562,0,0,,347,3,2018-02-26T20:27:04.000Z
563,0,0,$250.00,348,3,2018-02-26T20:30:17.000Z
564,0,0,$200.00,349,3,2018-02-26T20:32:32.000Z
565,0,0,,350,6,2018-02-26T20:35:45.000Z
566,0,0,$650.00,351,43,2018-02-26T20:38:28.000Z
567,0,0,$300.00,352,7,2018-02-26T20:43:31.000Z
568,0,0,$900.00,353,42,2018-02-26T20:47:54.000Z
569,0,0,,353,75,2018-02-26T20:50:00.000Z
570,0,0,,353,76,2018-02-26T20:51:40.000Z
571,0,0,,354,6,2018-02-26T21:10:31.000Z
572,0,0,$200.00,354,19,2018-02-26T21:11:36.000Z
573,0,0,,355,6,2018-02-26T21:13:57.000Z
574,0,0,$450.00,356,47,2018-02-26T21:16:45.000Z
575,0,0,$150.00,357,77,2018-02-26T21:21:50.000Z
576,0,0,,358,6,2018-02-27T14:54:23.000Z
577,0,0,$200.00,359,10,2018-02-27T14:56:36.000Z
578,0,0,,359,17,2018-02-27T14:57:03.000Z
579,0,0,$200.00,360,6,2018-02-27T15:09:30.000Z
580,0,0,$100.00,360,17,2018-02-27T15:10:01.000Z
581,0,0,,361,3,2018-02-27T15:12:38.000Z
582,0,0,,362,2,2018-02-27T15:22:58.000Z
583,0,0,,363,2,2018-02-27T15:27:35.000Z
584,0,0,,364,3,2018-02-27T15:30:45.000Z
585,0,0,,365,3,2018-02-27T15:34:22.000Z
586,0,0,$100.00,365,17,2018-02-27T15:34:33.000Z
587,0,0,,366,7,2018-02-27T15:38:57.000Z
588,0,0,,366,17,2018-02-27T15:39:18.000Z
589,0,0,,367,3,2018-02-27T15:41:28.000Z
590,0,0,,367,19,2018-02-27T15:42:05.000Z
591,0,0,,368,3,2018-02-27T15:45:20.000Z
592,0,0,-$250.00,369,8,2018-02-27T15:50:56.000Z
593,0,0,,370,13,2018-02-27T15:55:37.000Z
594,0,0,,371,13,2018-02-27T16:03:10.000Z
595,0,0,$150.00,371,15,2018-02-27T16:03:37.000Z
596,0,0,$300.00,372,54,2018-02-27T16:14:35.000Z
597,0,0,,373,3,2018-02-27T16:17:55.000Z
598,0,0,,374,7,2018-02-27T16:19:47.000Z
599,0,0,,375,3,2018-02-27T16:30:00.000Z
600,0,0,,375,17,2018-02-27T16:30:50.000Z
601,0,0,,376,33,2018-02-27T16:34:08.000Z
602,0,0,,377,6,2018-02-27T16:37:48.000Z
603,0,0,$900.00,378,31,2018-02-27T16:40:27.000Z
604,0,0,,379,3,2018-02-27T17:03:15.000Z
605,0,0,,379,78,2018-02-27T17:03:34.000Z
606,0,0,,379,79,2018-02-27T17:04:58.000Z
607,0,0,$150.00,380,3,2018-02-27T18:23:23.000Z
608,0,0,,380,15,2018-02-27T18:25:17.000Z
609,0,0,,381,3,2018-02-27T18:31:25.000Z
610,0,0,,381,17,2018-02-27T18:31:48.000Z
611,1,0,,381,15,2018-02-27T18:32:18.000Z
612,0,0,$200.00,382,3,2018-02-27T18:46:12.000Z
613,1,0,,382,15,2018-02-27T18:46:49.000Z
614,0,0,,383,3,2018-02-27T18:51:09.000Z
615,0,0,$400.00,384,39,2018-02-27T18:53:10.000Z
616,0,0,$400.00,385,54,2018-02-27T18:57:07.000Z
617,0,0,"$1,400.00",386,45,2018-02-27T19:00:52.000Z
618,0,0,"$1,000.00",387,53,2018-02-27T19:10:57.000Z
619,0,0,"$1,550.00",388,53,2018-02-27T19:15:17.000Z
620,0,0,$450.00,389,38,2018-02-27T19:21:47.000Z
621,0,0,$200.00,390,3,2018-02-27T19:24:15.000Z
622,0,0,$200.00,391,2,2018-02-27T19:27:08.000Z
623,0,0,,392,3,2018-02-27T20:21:15.000Z
624,0,0,$100.00,392,15,2018-02-27T20:21:33.000Z
625,0,0,$300.00,393,39,2018-02-27T20:25:24.000Z
626,0,0,$500.00,394,39,2018-02-27T20:28:54.000Z
627,0,0,,394,17,2018-02-27T20:29:30.000Z
628,0,0,,395,39,2018-02-27T20:32:42.000Z
629,0,0,"$1,200.00",396,80,2018-02-27T20:52:39.000Z
630,0,0,$600.00,397,20,2018-02-27T21:01:47.000Z
631,0,0,,398,9,2018-02-27T21:07:40.000Z
632,0,0,,399,3,2018-02-27T21:10:30.000Z
633,0,0,,400,3,2018-02-27T21:12:49.000Z
634,0,0,$100.00,400,17,2018-02-27T21:13:07.000Z
635,0,0,,401,2,2018-02-27T21:15:19.000Z
636,0,0,$300.00,402,33,2018-02-27T21:18:43.000Z
637,0,0,,402,81,2018-02-27T21:19:22.000Z
638,0,0,,402,82,2018-02-27T21:22:10.000Z
639,0,0,,402,83,2018-02-27T21:36:57.000Z
640,0,0,,403,2,2018-02-28T14:26:48.000Z
641,0,0,,404,3,2018-02-28T14:34:49.000Z
642,0,0,,405,2,2018-02-28T14:40:34.000Z
643,0,0,$500.00,406,56,2018-02-28T14:42:29.000Z
644,0,0,$500.00,407,3,2018-02-28T14:44:15.000Z
645,0,0,,408,6,2018-02-28T14:48:00.000Z
646,0,0,$100.00,408,17,2018-02-28T14:48:47.000Z
647,0,0,$300.00,409,39,2018-02-28T14:53:12.000Z
648,0,0,,410,3,2018-02-28T15:22:07.000Z
649,1,0,,410,15,2018-02-28T15:22:29.000Z
650,0,0,$150.00,411,2,2018-02-28T15:24:50.000Z
651,0,0,,412,3,2018-02-28T15:27:07.000Z
652,0,0,$900.00,413,39,2018-02-28T15:30:32.000Z
653,0,0,,414,6,2018-02-28T15:33:32.000Z
654,0,0,$300.00,415,7,2018-02-28T15:39:29.000Z
655,0,0,$300.00,416,33,2018-02-28T15:46:08.000Z
656,0,0,,416,84,2018-02-28T15:46:46.000Z
657,0,0,$500.00,417,38,2018-02-28T15:59:52.000Z
658,0,0,$250.00,418,9,2018-02-28T16:06:49.000Z
659,0,0,$600.00,419,54,2018-02-28T16:10:07.000Z
660,0,0,$300.00,420,2,2018-02-28T16:28:22.000Z
661,0,0,,421,2,2018-02-28T18:08:17.000Z
662,0,0,$600.00,422,20,2018-02-28T18:11:46.000Z
663,0,0,$800.00,423,36,2018-02-28T18:15:04.000Z
664,0,0,,424,3,2018-02-28T18:17:39.000Z
665,0,0,,425,2,2018-02-28T18:27:43.000Z
666,0,0,,426,2,2018-02-28T18:30:23.000Z
667,0,0,"$1,050.00",427,53,2018-02-28T18:32:45.000Z
668,0,0,$300.00,428,33,2018-02-28T18:36:45.000Z
669,0,0,,429,2,2018-02-28T18:40:03.000Z
670,0,0,,430,10,2018-02-28T18:45:04.000Z
671,0,0,,431,3,2018-02-28T19:09:37.000Z
672,0,0,,431,17,2018-02-28T19:10:24.000Z
673,0,0,,431,15,2018-02-28T19:10:35.000Z
674,0,0,-$200.00,432,33,2018-02-28T19:14:15.000Z
675,0,0,,432,85,2018-02-28T19:15:02.000Z
676,0,0,,433,9,2018-02-28T20:10:26.000Z
677,0,0,,434,33,2018-02-28T20:14:16.000Z
678,0,0,,434,86,2018-02-28T20:14:52.000Z
679,1,0,,434,87,2018-02-28T20:18:16.000Z
680,1,0,,434,88,2018-02-28T20:19:04.000Z
681,0,0,,435,7,2018-02-28T20:22:59.000Z
682,0,0,$450.00,436,33,2018-02-28T20:26:10.000Z
683,0,0,,437,3,2018-02-28T20:31:56.000Z
684,0,0,,437,17,2018-02-28T20:32:08.000Z
685,0,0,,438,7,2018-02-28T20:35:20.000Z
686,0,0,,438,17,2018-02-28T20:36:13.000Z
687,0,0,,438,15,2018-02-28T20:36:23.000Z
688,0,0,,439,3,2018-02-28T20:39:40.000Z
689,0,0,,439,17,2018-02-28T20:40:03.000Z
690,0,0,,439,19,2018-02-28T20:40:18.000Z
691,0,0,$450.00,440,33,2018-02-28T20:42:49.000Z
692,0,0,$300.00,441,33,2018-02-28T20:46:12.000Z
693,0,0,"$1,000.00",442,53,2018-02-28T20:59:23.000Z
694,0,0,,442,89,2018-02-28T21:00:03.000Z
695,0,0,,442,90,2018-02-28T21:03:57.000Z
696,0,0,,443,7,2018-02-28T21:07:12.000Z
697,1,0,,443,19,2018-02-28T21:07:40.000Z
698,0,0,$500.00,444,39,2018-02-28T21:11:01.000Z
699,0,0,,445,7,2018-03-05T14:42:51.000Z
700,0,0,,445,17,2018-03-05T14:43:33.000Z
701,0,0,,445,91,2018-03-05T14:43:44.000Z
702,1,0,,445,15,2018-03-05T14:46:20.000Z
703,0,0,,446,2,2018-03-05T14:49:31.000Z
704,0,0,$100.00,447,3,2018-03-05T14:51:40.000Z
705,0,0,$700.00,448,20,2018-03-05T14:54:34.000Z
706,0,0,$200.00,449,5,2018-03-05T14:57:56.000Z
707,0,0,,450,3,2018-03-05T15:00:33.000Z
708,0,0,,450,15,2018-03-05T15:00:47.000Z
709,0,0,,451,3,2018-03-05T15:03:40.000Z
710,0,0,$500.00,452,4,2018-03-05T15:06:27.000Z
711,0,0,$700.00,453,20,2018-03-05T15:11:40.000Z
712,0,0,$450.00,454,33,2018-03-05T15:20:50.000Z
713,0,0,$300.00,455,92,2018-03-05T15:24:17.000Z
714,0,0,,456,51,2018-03-05T15:40:06.000Z
715,0,0,-$300.00,456,40,2018-03-05T15:41:16.000Z
716,0,0,,457,51,2018-03-05T15:46:42.000Z
717,0,0,,457,93,2018-03-05T15:47:41.000Z
718,0,0,$450.00,458,33,2018-03-05T15:57:32.000Z
719,0,0,,459,2,2018-03-05T17:16:57.000Z
720,1,0,,460,15,2018-03-05T17:20:45.000Z
721,0,0,,460,3,2018-03-05T17:21:11.000Z
722,0,0,,460,30,2018-03-05T17:22:26.000Z
723,0,0,$500.00,461,2,2018-03-05T17:47:50.000Z
724,1,0,,461,15,2018-03-05T17:48:29.000Z
725,0,0,$300.00,462,5,2018-03-05T18:36:33.000Z
726,0,0,,463,3,2018-03-05T18:41:02.000Z
727,1,0,,463,15,2018-03-05T18:41:26.000Z
728,0,0,,464,3,2018-03-05T18:44:12.000Z
729,0,0,,464,17,2018-03-05T18:44:46.000Z
730,1,0,,464,15,2018-03-05T18:44:57.000Z
731,0,0,,465,3,2018-03-05T18:55:20.000Z
732,0,0,,466,33,2018-03-05T18:57:03.000Z
733,0,0,,467,11,2018-03-05T19:00:11.000Z
734,1,0,,467,15,2018-03-05T19:00:27.000Z
735,0,0,$500.00,468,33,2018-03-05T19:09:19.000Z
736,0,0,$450.00,469,33,2018-03-05T19:11:34.000Z
737,0,0,,470,3,2018-03-05T19:14:51.000Z
738,0,0,,471,2,2018-03-05T19:17:09.000Z
739,0,0,$600.00,472,20,2018-03-05T19:51:54.000Z
740,0,0,,473,3,2018-03-05T19:54:52.000Z
741,0,0,,473,17,2018-03-05T19:55:01.000Z
742,1,0,,473,15,2018-03-05T19:55:20.000Z
743,0,0,$200.00,474,6,2018-03-05T19:57:07.000Z
744,0,0,,475,11,2018-03-05T20:00:03.000Z
745,0,0,,475,17,2018-03-05T20:00:14.000Z
746,0,0,,476,2,2018-03-05T20:02:38.000Z
747,0,0,,476,94,2018-03-05T20:02:51.000Z
748,0,0,,477,95,2018-03-05T20:49:36.000Z
749,0,0,,477,96,2018-03-05T20:57:30.000Z
750,0,0,-$400.00,477,97,2018-03-05T20:59:35.000Z
751,0,0,,478,33,2018-03-05T21:09:00.000Z
752,0,0,$200.00,479,3,2018-03-05T22:16:53.000Z
753,0,0,,480,3,2018-03-06T14:40:13.000Z
754,0,0,$200.00,480,17,2018-03-06T14:40:49.000Z
755,0,0,,480,19,2018-03-06T14:41:16.000Z
756,0,0,,480,15,2018-03-06T14:41:27.000Z
757,0,0,,481,3,2018-03-06T14:52:47.000Z
758,0,0,,481,15,2018-03-06T14:53:02.000Z
759,0,0,,482,2,2018-03-06T14:55:31.000Z
760,0,0,,483,2,2018-03-06T14:57:38.000Z
761,0,0,$450.00,484,33,2018-03-06T14:59:33.000Z
762,0,0,,485,3,2018-03-06T15:01:47.000Z
763,0,0,,486,6,2018-03-06T15:03:52.000Z
764,0,0,,487,2,2018-03-06T15:05:48.000Z
765,0,0,$300.00,488,33,2018-03-06T15:08:14.000Z
766,0,0,,488,98,2018-03-06T15:08:57.000Z
767,0,0,,489,7,2018-03-06T17:07:26.000Z
768,0,0,,490,6,2018-03-06T17:53:49.000Z
769,0,0,$300.00,491,6,2018-03-06T17:55:59.000Z
770,0,0,,492,42,2018-03-06T18:02:36.000Z
771,0,0,,493,33,2018-03-06T20:17:13.000Z
772,0,0,$500.00,494,39,2018-03-06T20:21:09.000Z
773,0,0,,495,6,2018-03-06T20:24:30.000Z
774,0,0,,496,6,2018-03-06T20:27:23.000Z
775,0,0,,497,3,2018-03-06T20:29:31.000Z
776,0,0,,498,2,2018-03-06T20:31:10.000Z
777,0,0,,499,6,2018-03-06T20:32:20.000Z
778,0,0,,500,33,2018-03-06T20:34:32.000Z
779,0,0,,501,3,2018-03-06T20:36:42.000Z
780,0,0,,502,2,2018-03-06T20:37:59.000Z
781,0,0,,503,3,2018-03-06T20:39:57.000Z
782,0,0,,503,15,2018-03-06T20:40:16.000Z
783,0,0,,504,7,2018-03-06T20:42:23.000Z
784,0,0,,505,3,2018-03-06T20:45:39.000Z
785,0,0,,506,2,2018-03-06T20:51:46.000Z
786,0,0,,506,17,2018-03-06T20:52:06.000Z
787,0,0,,506,99,2018-03-06T20:52:17.000Z
788,0,0,,507,2,2018-03-06T21:02:50.000Z
789,0,0,,508,3,2018-03-06T21:04:44.000Z
790,0,0,,508,100,2018-03-06T21:05:01.000Z
791,1,0,,508,15,2018-03-06T21:06:14.000Z
792,0,0,,509,3,2018-03-06T21:09:33.000Z
793,0,0,,510,3,2018-03-06T21:11:59.000Z
794,0,0,,511,6,2018-03-06T21:14:46.000Z
795,0,0,,512,3,2018-03-06T21:17:00.000Z
796,0,0,$500.00,513,39,2018-03-06T21:35:32.000Z
797,0,0,$800.00,514,20,2018-03-06T21:42:05.000Z
798,0,0,,515,3,2018-03-06T21:44:05.000Z
799,0,0,,515,17,2018-03-06T21:44:14.000Z
800,0,0,$900.00,516,20,2018-03-06T21:47:15.000Z
801,0,0,,517,2,2018-03-06T21:48:54.000Z
802,0,0,,518,2,2018-03-06T21:50:22.000Z
803,0,0,"$1,000.00",519,39,2018-03-06T21:52:08.000Z
804,0,0,,520,2,2018-03-08T14:43:54.000Z
805,0,0,,520,15,2018-03-08T14:44:07.000Z
806,0,0,,521,3,2018-03-08T14:47:38.000Z
807,0,0,,522,8,2018-03-08T14:50:24.000Z
808,0,0,,523,51,2018-03-08T15:00:41.000Z
809,0,0,,523,101,2018-03-08T15:01:14.000Z
810,0,0,,524,3,2018-03-08T15:42:45.000Z
811,0,0,$300.00,525,39,2018-03-08T15:44:30.000Z
812,0,0,,526,2,2018-03-08T15:46:33.000Z
813,0,0,,527,3,2018-03-08T15:49:02.000Z
814,0,0,$450.00,528,33,2018-03-08T15:52:08.000Z
815,0,0,-$25.00,528,71,2018-03-08T15:52:41.000Z
816,0,0,$450.00,529,38,2018-03-08T15:56:47.000Z
817,0,0,,530,"102,103",2018-03-08T16:02:59.000Z
818,0,0,,531,3,2018-03-08T16:11:13.000Z
819,0,0,-$200.00,532,33,2018-03-08T16:22:09.000Z
820,0,0,,532,85,2018-03-08T16:22:12.000Z
821,0,0,,533,6,2018-03-08T16:28:13.000Z
822,0,0,,533,17,2018-03-08T16:28:39.000Z
823,0,0,$450.00,534,33,2018-03-08T16:30:24.000Z
824,0,0,,535,2,2018-03-08T16:32:04.000Z
825,0,0,,536,2,2018-03-08T16:33:27.000Z
826,0,0,$200.00,537,6,2018-03-08T16:34:59.000Z
827,0,0,$450.00,538,33,2018-03-08T16:37:25.000Z
828,0,0,,539,3,2018-03-08T16:39:25.000Z
829,0,0,,540,103,2018-03-08T16:42:34.000Z
830,0,0,,541,3,2018-03-08T16:48:59.000Z
831,0,0,,542,6,2018-03-08T16:50:59.000Z
832,0,0,,542,17,2018-03-08T16:51:18.000Z
833,0,0,,543,3,2018-03-08T16:53:30.000Z
834,0,0,,544,7,2018-03-08T16:55:30.000Z
835,0,0,$300.00,545,39,2018-03-08T16:57:02.000Z
836,0,0,,546,2,2018-03-08T16:58:54.000Z
837,0,0,,547,3,2018-03-08T17:01:01.000Z
838,0,0,,547,17,2018-03-08T17:01:16.000Z
839,0,0,,548,3,2018-03-08T17:03:21.000Z
840,0,0,,549,2,2018-03-08T17:09:35.000Z
841,0,0,,549,15,2018-03-08T17:09:53.000Z
842,0,0,,550,3,2018-03-08T17:11:36.000Z
843,0,0,,551,2,2018-03-08T17:13:04.000Z
844,0,0,,552,2,2018-03-08T17:14:29.000Z
845,0,0,$450.00,553,33,2018-03-08T17:16:08.000Z
846,0,0,,553,104,2018-03-08T17:16:43.000Z
847,0,0,,554,7,2018-03-08T17:19:38.000Z
848,0,0,,554,17,2018-03-08T17:19:50.000Z
849,1,0,,554,15,2018-03-08T17:19:59.000Z
850,0,0,,555,3,2018-03-08T17:21:40.000Z
851,0,0,,556,2,2018-03-08T17:23:08.000Z
852,0,0,$500.00,557,45,2018-03-08T17:26:56.000Z
853,1,0,,557,17,2018-03-08T17:28:01.000Z
854,0,0,,558,3,2018-03-08T17:30:10.000Z
855,0,0,,558,17,2018-03-08T17:30:21.000Z
856,0,0,,559,2,2018-03-08T17:31:45.000Z
857,0,0,$450.00,560,33,2018-03-08T17:33:32.000Z
858,0,0,,560,105,2018-03-08T17:35:44.000Z
859,0,0,$300.00,561,33,2018-03-08T17:38:47.000Z
860,0,0,,561,106,2018-03-08T17:39:21.000Z
861,0,0,$300.00,562,33,2018-03-08T17:44:54.000Z
862,0,0,-$300.00,562,40,2018-03-08T17:45:16.000Z
863,0,0,,563,2,2018-03-08T17:50:35.000Z
864,0,0,$300.00,564,39,2018-03-08T17:53:21.000Z
865,0,0,,501,17,2018-03-08T17:54:55.000Z
866,0,0,$450.00,565,33,2018-03-08T17:56:44.000Z
867,0,0,,565,105,2018-03-08T17:57:04.000Z
868,0,0,,566,39,2018-03-08T17:59:21.000Z
869,1,0,,566,17,2018-03-08T18:00:14.000Z
870,0,0,,567,3,2018-03-08T18:02:37.000Z
871,0,0,$450.00,568,33,2018-03-08T18:04:56.000Z
872,0,0,,568,105,2018-03-08T18:05:27.000Z
873,0,0,,569,3,2018-03-08T18:07:46.000Z
874,0,0,,570,7,2018-03-08T18:09:30.000Z
875,0,0,,571,3,2018-03-08T18:11:52.000Z
876,0,0,,572,6,2018-03-08T18:13:54.000Z
877,0,0,,512,107,2018-03-08T18:15:07.000Z
878,0,0,$100.00,573,14,2018-03-13T15:08:37.000Z
879,0,0,-$75.00,574,13,2018-03-13T15:12:17.000Z
880,0,0,$350.00,575,14,2018-03-13T15:16:26.000Z
881,0,0,,576,14,2018-03-13T15:19:51.000Z
882,1,0,,576,15,2018-03-13T15:20:22.000Z
883,0,0,,577,12,2018-03-13T15:23:28.000Z
884,0,0,,578,14,2018-03-13T15:33:25.000Z
885,0,0,,579,14,2018-03-13T15:39:40.000Z
886,0,0,,580,14,2018-03-13T15:43:18.000Z
887,0,0,$100.00,581,14,2018-03-13T15:47:06.000Z
888,0,0,$150.00,581,15,2018-03-13T15:47:20.000Z
889,0,0,,582,14,2018-03-13T15:50:25.000Z
890,0,0,-$300.00,582,108,2018-03-13T15:50:39.000Z
891,0,0,,582,109,2018-03-13T15:51:23.000Z
892,0,0,,583,12,2018-04-02T14:03:17.000Z
893,0,0,,584,14,2018-04-02T14:05:36.000Z
894,0,0,,585,12,2018-04-02T14:37:13.000Z
895,0,0,$50.00,586,110,2018-04-02T14:40:54.000Z
896,0,0,,586,111,2018-04-02T14:46:36.000Z
897,0,0,,587,13,2018-04-02T14:54:51.000Z
898,0,0,,588,14,2018-04-02T15:01:12.000Z
899,0,0,,589,13,2018-04-02T15:16:02.000Z
900,0,0,,590,14,2018-04-09T14:15:01.000Z
901,0,0,,590,112,2018-04-09T14:15:19.000Z
902,0,0,,590,113,2018-04-09T14:29:05.000Z
903,0,0,,591,12,2018-04-09T14:33:18.000Z
904,0,0,,592,12,2018-04-09T14:37:57.000Z
905,0,0,,593,13,2018-04-09T14:43:30.000Z
906,0,0,$50.00,593,15,2018-04-09T14:44:18.000Z
907,0,0,,594,110,2018-04-09T14:48:29.000Z
908,0,0,,595,14,2018-04-09T14:51:24.000Z
909,0,0,,595,114,2018-04-09T14:51:53.000Z
910,0,0,,596,110,2018-04-09T15:02:17.000Z
911,0,0,,597,12,2018-04-09T15:06:30.000Z
912,0,0,,598,12,2018-04-09T15:11:06.000Z
913,0,0,,599,14,2018-04-09T15:37:30.000Z
914,0,0,,600,14,2018-04-09T15:45:30.000Z
915,1,0,,600,15,2018-04-09T15:45:51.000Z
916,0,0,,601,12,2018-04-09T16:28:56.000Z
917,0,0,,602,115,2018-04-09T16:40:53.000Z
918,0,0,,602,116,2018-04-09T16:49:48.000Z
919,0,0,,602,117,2018-04-09T17:16:02.000Z
920,0,0,,602,118,2018-04-09T17:19:41.000Z
921,0,0,,602,119,2018-04-09T17:45:22.000Z
922,0,0,,602,120,2018-04-09T17:48:51.000Z
923,0,0,,603,13,2018-04-10T17:19:31.000Z
924,0,0,$100.00,603,121,2018-04-10T17:21:37.000Z
925,0,0,,604,13,2018-04-10T17:30:41.000Z
926,0,0,,605,14,2018-04-10T17:42:28.000Z
927,0,0,,606,13,2018-04-10T17:52:21.000Z
928,0,0,,607,12,2018-04-10T18:09:25.000Z
929,0,0,$700.00,608,12,2018-04-10T18:14:35.000Z
930,0,0,$700.00,609,12,2018-04-10T18:36:42.000Z
931,0,0,,610,110,2018-04-10T19:10:24.000Z
932,0,0,,611,12,2018-04-10T19:30:24.000Z
933,0,0,,612,12,2018-04-10T19:51:17.000Z
934,0,0,,613,12,2018-04-10T19:54:41.000Z
935,0,0,,614,12,2018-04-10T20:00:19.000Z
936,0,0,,615,110,2018-04-10T20:04:14.000Z
937,0,0,,616,12,2018-04-10T20:10:08.000Z
938,0,0,,617,13,2018-04-10T20:13:32.000Z
939,0,0,,618,14,2018-04-10T20:16:24.000Z
940,0,0,$700.00,619,12,2018-04-10T20:21:19.000Z
941,0,0,,620,12,2018-04-10T20:43:45.000Z
942,0,0,$350.00,621,12,2018-04-10T20:46:31.000Z
943,0,0,,622,14,2018-04-10T20:49:38.000Z
944,1,0,,622,15,2018-04-10T20:50:13.000Z
945,0,0,,623,13,2018-04-10T20:53:01.000Z
946,0,0,,624,12,2018-04-10T21:06:08.000Z
947,0,0,,625,12,2018-04-12T15:36:04.000Z
948,0,0,,626,14,2018-04-12T15:37:52.000Z
949,0,0,,627,14,2018-04-12T15:59:19.000Z
950,0,0,,627,122,2018-04-12T16:01:06.000Z
951,0,0,,627,123,2018-04-12T16:09:03.000Z
952,0,0,$100.00,628,110,2018-04-12T16:13:54.000Z
953,1,0,,628,124,2018-04-12T16:14:46.000Z
954,0,0,,628,123,2018-04-12T16:19:51.000Z
955,0,0,,629,13,2018-04-12T16:28:18.000Z
956,0,0,$150.00,629,15,2018-04-12T16:28:42.000Z
957,0,0,,629,125,2018-04-12T16:36:52.000Z
958,0,0,,630,14,2018-04-12T16:50:00.000Z
959,0,0,,631,13,2018-04-12T16:51:37.000Z
960,0,0,,632,13,2018-04-12T16:55:16.000Z
961,0,0,,633,110,2018-04-12T16:58:00.000Z
962,0,0,,634,13,2018-04-12T16:59:31.000Z
963,0,0,$150.00,634,15,2018-04-12T16:59:48.000Z
964,0,0,,635,13,2018-04-12T17:01:49.000Z
965,0,0,,636,14,2018-04-12T17:04:09.000Z
966,0,0,,637,13,2018-04-12T17:06:24.000Z
967,0,0,,638,12,2018-04-12T17:09:20.000Z
968,0,0,,639,14,2018-04-12T17:11:38.000Z
969,0,0,,640,14,2018-04-12T17:13:59.000Z
970,0,0,$50.00,641,12,2018-04-12T17:16:46.000Z
971,0,0,,641,15,2018-04-12T17:17:00.000Z
972,0,0,,642,13,2018-04-12T17:20:03.000Z
973,0,0,,643,13,2018-04-12T17:21:24.000Z
974,1,0,,643,15,2018-04-12T17:21:47.000Z
975,0,0,,644,12,2018-04-12T17:22:57.000Z
976,0,0,,645,13,2018-04-12T17:24:49.000Z
977,0,0,,646,110,2018-04-12T17:27:10.000Z
978,0,0,,647,110,2018-04-12T17:34:49.000Z
979,0,0,$150.00,647,126,2018-04-12T17:35:29.000Z
980,0,0,,648,13,2018-04-12T17:40:38.000Z
981,0,0,,649,12,2018-04-12T17:44:50.000Z
982,0,0,$400.00,649,127,2018-04-12T17:45:12.000Z
983,0,0,,650,14,2018-04-12T17:48:26.000Z
984,0,0,$700.00,651,12,2018-04-12T19:39:11.000Z
985,0,0,,652,14,2018-04-12T19:46:16.000Z
986,0,0,,653,12,2018-04-12T19:47:44.000Z
987,0,0,,654,12,2018-04-12T19:49:55.000Z
988,0,0,,655,12,2018-04-12T19:52:01.000Z
989,0,0,,656,110,2018-04-12T19:53:56.000Z
990,0,0,,657,13,2018-04-12T20:01:46.000Z
991,0,0,,658,12,2018-04-12T20:03:36.000Z
992,0,0,,659,12,2018-04-12T20:05:48.000Z
993,0,0,,660,12,2018-04-12T20:07:46.000Z
994,0,0,,661,12,2018-04-12T20:09:28.000Z
995,0,0,,662,13,2018-04-12T20:11:57.000Z
996,0,0,$150.00,662,15,2018-04-12T20:12:29.000Z
997,0,0,,663,12,2018-04-12T20:19:48.000Z
998,0,0,$350.00,664,13,2018-04-12T20:25:00.000Z
999,0,0,$450.00,665,110,2018-04-12T20:27:00.000Z
1000,0,0,,666,12,2018-04-12T20:35:27.000Z
1001,0,0,,667,12,2018-04-12T20:40:40.000Z
1002,0,0,,668,12,2018-04-12T20:44:04.000Z
1003,0,0,$150.00,668,15,2018-04-12T20:44:28.000Z
1004,0,0,,669,12,2018-04-17T14:40:50.000Z
1005,0,0,,670,13,2018-04-17T14:46:01.000Z
1006,0,0,,671,14,2018-04-17T14:50:42.000Z
1007,0,0,,672,14,2018-04-17T14:52:55.000Z
1008,0,0,,673,14,2018-04-17T15:11:59.000Z
1009,0,0,,674,14,2018-04-17T15:42:22.000Z
1010,1,0,,674,15,2018-04-17T16:19:33.000Z
1011,0,0,,675,14,2018-04-17T20:19:21.000Z
1012,0,0,,676,12,2018-04-17T20:23:03.000Z
1013,1,0,,676,15,2018-04-17T20:23:40.000Z
1014,0,0,,677,12,2018-04-17T20:27:37.000Z
1015,0,0,,678,12,2018-04-17T20:30:57.000Z
1016,0,0,,679,12,2018-04-17T20:34:27.000Z
1017,0,0,,680,110,2018-04-17T20:40:04.000Z
1018,0,0,,681,12,2018-04-17T20:41:53.000Z
1019,0,0,$150.00,681,15,2018-04-17T20:42:20.000Z
1020,0,0,,682,12,2018-04-17T20:44:05.000Z
1021,0,0,,683,14,2018-04-17T20:53:10.000Z
1022,0,0,"$1,500.00",684,35,2018-04-17T20:57:32.000Z
1023,0,0,"-$1,000.00",685,128,2018-04-17T21:04:04.000Z
1024,0,0,"$2,000.00",686,36,2018-04-17T21:07:03.000Z
1025,0,0,,686,17,2018-04-17T21:07:38.000Z
1026,0,0,$400.00,687,14,2018-04-17T21:09:41.000Z
1027,0,0,,688,110,2018-04-17T21:12:34.000Z
1028,0,0,,689,14,2018-04-17T21:18:42.000Z
1029,0,0,,690,14,2018-04-17T21:20:32.000Z
1030,0,0,,691,110,2018-04-17T21:22:59.000Z
1031,1,0,,691,127,2018-04-17T21:23:30.000Z
1032,0,0,,692,14,2018-04-17T21:26:39.000Z
1033,0,0,,693,12,2018-04-17T21:29:26.000Z
1034,0,0,$600.00,694,12,2018-04-17T21:32:16.000Z
1035,0,0,$150.00,694,15,2018-04-17T21:32:34.000Z
1036,0,0,$300.00,695,12,2018-04-17T21:34:30.000Z
1037,0,0,$100.00,696,12,2018-04-17T21:37:00.000Z
1038,0,0,,697,12,2018-04-17T21:38:37.000Z
1039,0,0,,698,12,2018-04-17T21:50:38.000Z
1040,0,0,$150.00,698,15,2018-04-17T21:51:04.000Z
1041,0,0,$700.00,699,12,2018-04-17T21:55:18.000Z
1042,0,0,,700,12,2018-04-18T14:13:29.000Z
1043,0,0,$500.00,701,12,2018-04-18T14:16:23.000Z
1044,0,0,,701,15,2018-04-18T14:16:43.000Z
1045,0,0,,702,12,2018-04-18T14:18:13.000Z
1046,0,0,,703,12,2018-04-18T14:20:28.000Z
1047,0,0,,704,12,2018-04-18T14:22:17.000Z
1048,0,0,$300.00,705,13,2018-04-18T14:23:41.000Z
1049,0,0,$300.00,706,13,2018-04-18T14:25:51.000Z
1050,0,0,,707,12,2018-04-18T14:27:59.000Z
1051,0,0,-$780.00,707,129,2018-04-18T14:28:11.000Z
1052,0,0,$600.00,708,12,2018-04-18T14:37:19.000Z
1053,0,0,,709,13,2018-04-18T14:39:24.000Z
1054,0,0,,710,12,2018-04-18T14:41:48.000Z
1055,0,0,,711,14,2018-04-18T14:43:10.000Z
1056,0,0,$750.00,712,14,2018-04-18T14:44:45.000Z
1057,1,0,,712,15,2018-04-18T14:46:16.000Z
1058,0,0,$100.00,713,12,2018-04-18T14:49:57.000Z
1059,1,0,,713,15,2018-04-18T14:50:29.000Z
1060,0,0,,713,130,2018-04-18T14:50:40.000Z
1061,0,0,,713,83,2018-04-18T14:58:46.000Z
1062,0,0,,714,14,2018-04-18T15:06:00.000Z
1063,0,0,,715,12,2018-04-18T15:07:36.000Z
1064,0,0,,716,13,2018-04-18T15:15:50.000Z
1065,1,0,,716,15,2018-04-18T15:16:08.000Z
1066,0,0,,717,110,2018-04-18T15:18:02.000Z
1067,0,0,$200.00,718,12,2018-04-18T15:20:00.000Z
1068,0,0,$100.00,719,14,2018-04-18T15:22:43.000Z
1069,1,0,,719,15,2018-04-18T15:23:21.000Z
1070,0,0,$300.00,720,14,2018-04-18T15:25:11.000Z
1071,0,0,$350.00,721,14,2018-04-18T15:27:19.000Z
1072,0,0,,722,12,2018-04-18T15:30:01.000Z
1073,0,0,,723,12,2018-04-18T15:31:36.000Z
1074,0,0,$100.00,724,12,2018-04-18T15:33:21.000Z
1075,0,0,$150.00,724,15,2018-04-18T15:33:39.000Z
1076,0,0,,725,110,2018-04-18T15:36:50.000Z
1077,0,0,,726,14,2018-04-18T15:38:35.000Z
1078,0,0,,727,110,2018-04-18T15:39:55.000Z
1079,0,0,,728,110,2018-04-18T15:42:57.000Z
1080,0,0,$80.00,728,131,2018-04-18T15:43:45.000Z
1081,0,0,$400.00,728,127,2018-04-18T15:46:45.000Z
1082,0,0,$600.00,729,12,2018-04-18T15:49:18.000Z
1083,0,0,$200.00,730,14,2018-04-18T15:50:46.000Z
1084,0,0,,731,12,2018-04-18T15:52:44.000Z
1085,0,0,,732,12,2018-04-18T15:54:04.000Z
1086,0,0,$700.00,733,12,2018-04-18T18:24:05.000Z
1087,0,0,$600.00,734,12,2018-04-18T18:25:54.000Z
1088,0,0,,735,110,2018-04-18T18:28:53.000Z
1089,0,0,,736,14,2018-04-18T18:30:32.000Z
1090,0,0,,737,14,2018-04-18T18:32:39.000Z
1091,0,0,$700.00,738,12,2018-04-18T18:36:39.000Z
1092,0,0,,739,12,2018-04-18T18:41:06.000Z
1093,0,0,,740,12,2018-04-18T18:43:56.000Z
1094,0,0,,741,12,2018-04-18T18:45:31.000Z
1095,0,0,$150.00,741,15,2018-04-18T18:45:49.000Z
1096,0,0,,742,12,2018-04-18T18:51:59.000Z
1097,0,0,$150.00,742,15,2018-04-18T18:52:25.000Z
1098,0,0,,743,13,2018-04-18T18:56:35.000Z
1099,0,0,$225.00,744,14,2018-04-18T19:00:29.000Z
1100,0,0,,744,15,2018-04-18T19:00:49.000Z
1101,0,0,$600.00,745,14,2018-04-18T19:04:14.000Z
1102,0,0,$150.00,745,15,2018-04-18T19:05:50.000Z
1103,0,0,$800.00,745,132,2018-04-18T19:06:22.000Z
1104,0,0,,746,133,2018-04-18T19:44:52.000Z
1105,0,0,,747,133,2018-04-18T19:47:27.000Z
1106,0,0,,748,133,2018-04-18T20:00:07.000Z
1107,0,0,,749,133,2018-04-18T20:02:13.000Z
1108,0,0,,750,133,2018-04-18T20:05:07.000Z
1109,0,0,$50.00,750,15,2018-04-18T20:05:34.000Z
1110,0,0,,751,134,2018-04-18T20:07:23.000Z
1111,0,0,,751,15,2018-04-18T20:07:39.000Z
1112,0,0,,752,133,2018-04-18T20:09:18.000Z
1113,0,0,,753,134,2018-04-18T20:12:06.000Z
1114,0,0,,754,133,2018-04-18T20:13:52.000Z
1115,0,0,,755,133,2018-04-18T20:16:15.000Z
1116,0,0,$20.00,755,135,2018-04-18T20:16:35.000Z
1117,0,0,$100.00,756,134,2018-04-18T20:19:29.000Z
1118,0,0,,756,135,2018-04-18T20:20:00.000Z
1119,0,0,,757,133,2018-04-18T20:22:01.000Z
1120,0,0,,758,133,2018-04-18T20:26:06.000Z
1121,0,0,,759,133,2018-04-18T20:28:22.000Z
1122,0,0,,760,133,2018-04-18T20:31:01.000Z
1123,0,0,,761,133,2018-04-18T20:33:32.000Z
1124,0,0,,761,135,2018-04-18T20:33:50.000Z
1125,0,0,,762,133,2018-04-18T20:39:01.000Z
1126,0,0,,763,138,2018-04-23T14:16:21.000Z
1127,0,0,,764,137,2018-04-23T15:03:17.000Z
1128,0,0,"$1,160.00",764,139,2018-04-23T15:04:15.000Z
1129,0,0,$600.00,765,138,2018-04-23T16:08:46.000Z
1130,0,0,$900.00,766,136,2018-04-23T16:14:23.000Z
1131,0,0,,767,138,2018-04-23T16:16:37.000Z
1132,0,0,$900.00,768,136,2018-04-23T16:21:48.000Z
1133,0,0,,769,138,2018-04-23T16:29:13.000Z
1134,0,0,"$1,160.00",769,139,2018-04-23T16:29:29.000Z
1135,0,0,,770,138,2018-04-23T16:37:04.000Z
1136,0,0,$40.00,770,140,2018-04-23T16:37:52.000Z
1137,0,0,,771,141,2018-04-23T17:26:42.000Z
1138,0,0,$560.00,771,139,2018-04-23T17:28:59.000Z
1139,0,0,,772,138,2018-04-23T18:24:25.000Z
1140,0,0,,772,15,2018-04-23T18:24:42.000Z
1141,0,0,-$25.00,772,142,2018-04-23T18:24:59.000Z
1142,0,0,,772,143,2018-04-23T18:27:01.000Z
1143,0,0,,772,144,2018-04-23T18:30:03.000Z
1144,0,0,,772,145,2018-04-23T18:31:24.000Z
1145,1,0,,772,146,2018-04-23T18:35:38.000Z
1146,0,0,$100.00,772,147,2018-04-23T18:36:24.000Z
1147,0,0,,772,148,2018-04-23T18:45:53.000Z
1148,0,0,,773,138,2018-04-23T20:32:51.000Z
1149,0,0,,773,149,2018-04-23T20:33:38.000Z
1150,0,0,,773,17,2018-04-23T20:35:27.000Z
1151,0,0,,773,150,2018-04-23T20:36:58.000Z
1152,0,0,$900.00,774,141,2018-04-23T20:42:48.000Z
1153,0,0,,774,151,2018-04-23T20:43:33.000Z
1154,0,0,,774,152,2018-04-23T20:45:13.000Z
1155,0,0,,774,153,2018-04-23T20:47:39.000Z
1156,0,0,,774,154,2018-04-23T20:50:52.000Z
1157,0,0,,775,155,2018-04-24T13:25:57.000Z
1158,0,0,$800.00,776,138,2018-04-24T13:43:11.000Z
1159,0,0,,777,138,2018-04-24T13:45:29.000Z
1160,0,0,,777,15,2018-04-24T13:46:16.000Z
1161,0,0,$200.00,777,113,2018-04-24T13:46:33.000Z
1162,0,0,$250.00,777,144,2018-04-24T13:48:03.000Z
1163,0,0,,778,138,2018-04-24T13:51:35.000Z
1164,0,0,,779,12,2018-04-24T14:10:20.000Z
1165,0,0,,780,13,2018-04-24T14:14:12.000Z
1166,0,0,$300.00,781,110,2018-04-24T14:17:27.000Z
1167,0,0,,782,13,2018-04-24T14:20:26.000Z
1168,0,0,,783,13,2018-04-24T14:22:30.000Z
1169,0,0,,784,12,2018-04-24T14:27:42.000Z
1170,0,0,-$225.00,784,156,2018-04-24T14:28:56.000Z
1171,0,0,,784,157,2018-04-24T14:33:23.000Z
1172,0,0,,785,13,2018-04-24T15:22:44.000Z
1173,0,0,,786,13,2018-04-24T15:25:50.000Z
1174,0,0,-$150.00,786,19,2018-04-24T15:26:19.000Z
1175,0,0,,787,14,2018-04-24T15:48:49.000Z
1176,0,0,$200.00,788,12,2018-04-24T18:29:28.000Z
1177,0,0,,789,13,2018-04-24T18:33:54.000Z
1178,0,0,$150.00,789,15,2018-04-24T18:34:05.000Z
1179,0,0,,790,14,2018-04-24T19:22:03.000Z
1180,0,0,,791,14,2018-04-24T19:48:12.000Z
1181,0,0,,792,12,2018-04-24T19:52:43.000Z
1182,0,0,$150.00,792,15,2018-04-24T19:53:24.000Z
1183,0,0,,793,110,2018-04-24T19:58:22.000Z
1184,0,0,,794,13,2018-04-24T20:05:46.000Z
1185,0,0,,795,12,2018-04-24T20:10:04.000Z
1186,0,0,,796,13,2018-04-24T20:13:33.000Z
1187,0,0,,797,158,2018-04-24T20:15:56.000Z
1188,0,0,,797,14,2018-04-24T20:16:56.000Z
1189,1,0,,797,15,2018-04-24T20:17:07.000Z
1190,0,0,,798,14,2018-04-24T20:21:36.000Z
1191,0,0,,799,12,2018-04-24T20:34:11.000Z
1192,0,0,,800,13,2018-04-24T20:35:50.000Z
1193,0,0,,801,110,2018-04-24T20:37:38.000Z
1194,0,0,,802,12,2018-04-24T20:41:08.000Z
1195,0,0,,803,14,2018-04-24T20:48:29.000Z
1196,0,0,-$50.00,803,159,2018-04-24T20:48:37.000Z
1197,0,0,,804,110,2018-04-24T20:51:37.000Z
1198,0,0,,805,12,2018-04-24T20:54:38.000Z
1199,0,0,"-$1,500.00",806,13,2018-04-24T21:01:30.000Z
1200,0,0,,806,15,2018-04-24T21:01:56.000Z
1201,0,0,-$660.00,806,160,2018-04-24T21:02:15.000Z
1202,0,0,,807,110,2018-04-24T21:06:28.000Z
1203,0,0,,808,110,2018-04-24T21:09:05.000Z
1204,0,0,-$150.00,808,19,2018-04-24T21:09:15.000Z
1205,0,0,,808,161,2018-04-24T21:09:42.000Z
1206,0,0,,809,13,2018-04-25T14:09:07.000Z
1207,0,0,,810,13,2018-04-25T14:16:51.000Z
1208,0,0,$50.00,810,15,2018-04-25T14:17:01.000Z
1209,0,0,,811,110,2018-04-25T14:21:11.000Z
1210,0,0,,812,13,2018-04-25T14:23:20.000Z
1211,0,0,$225.00,812,15,2018-04-25T14:23:35.000Z
1212,0,0,,813,13,2018-04-25T14:36:04.000Z
1213,0,0,,814,12,2018-04-25T14:48:32.000Z
1214,0,0,$50.00,814,15,2018-04-25T14:48:44.000Z
1215,0,0,,815,162,2018-04-25T15:08:02.000Z
1216,0,0,,816,12,2018-04-25T15:11:49.000Z
1217,0,0,,817,110,2018-04-25T15:13:17.000Z
1218,0,0,,818,14,2018-04-25T15:15:07.000Z
1219,0,0,,819,13,2018-04-25T15:17:42.000Z
1220,0,0,,820,12,2018-04-25T15:25:41.000Z
1221,0,0,,821,14,2018-04-25T15:27:21.000Z
1222,0,0,,821,163,2018-04-25T15:27:38.000Z
1223,0,0,,822,12,2018-04-25T15:30:27.000Z
1224,0,0,,823,110,2018-04-25T15:32:54.000Z
1225,0,0,$50.00,823,164,2018-04-25T15:33:09.000Z
1226,0,0,,824,12,2018-04-25T15:37:03.000Z
1227,0,0,,825,13,2018-04-25T15:38:53.000Z
1228,0,0,$50.00,826,110,2018-04-25T15:40:17.000Z
1229,0,0,,827,12,2018-04-25T15:42:28.000Z
1230,0,0,,828,110,2018-04-25T15:44:50.000Z
1231,0,0,,829,14,2018-04-25T15:46:34.000Z
1232,0,0,,830,12,2018-04-25T15:48:08.000Z
1233,0,0,,831,13,2018-04-25T15:49:57.000Z
1234,0,0,,832,13,2018-04-25T15:52:27.000Z
1235,0,0,$250.00,832,15,2018-04-25T15:53:08.000Z
1236,0,0,$200.00,833,12,2018-04-25T15:55:06.000Z
1237,0,0,$50.00,834,15,2018-04-25T15:56:48.000Z
1238,0,0,,835,14,2018-04-25T15:58:18.000Z
1239,0,0,,836,12,2018-04-25T16:00:47.000Z
1240,0,0,,837,110,2018-04-25T16:02:58.000Z
1241,0,0,,838,12,2018-04-25T16:04:55.000Z
1242,0,0,$50.00,838,15,2018-04-25T16:05:06.000Z
1243,0,0,,839,110,2018-04-25T16:06:38.000Z
1244,0,0,,840,12,2018-04-25T16:11:17.000Z
1245,0,0,,840,165,2018-04-25T16:11:38.000Z
1246,0,0,,841,14,2018-04-25T16:25:56.000Z
1247,1,0,$150.00,841,15,2018-04-25T16:26:26.000Z
1248,0,0,,841,166,2018-04-25T16:26:41.000Z
1249,0,0,,842,13,2018-04-25T16:30:11.000Z
1250,0,0,,843,110,2018-04-25T16:31:47.000Z
1251,0,0,,843,167,2018-04-25T16:31:56.000Z
1252,0,0,,844,12,2018-04-25T16:34:02.000Z
1253,0,0,,845,13,2018-04-25T16:35:45.000Z
1254,0,0,,846,13,2018-04-25T16:37:10.000Z
1255,0,0,$200.00,847,127,2018-04-25T16:39:39.000Z
1256,0,0,,847,168,2018-04-25T16:40:00.000Z
1257,0,0,,847,169,2018-04-25T16:41:26.000Z
1258,0,0,,847,170,2018-04-25T16:42:39.000Z
1259,0,0,,847,171,2018-04-25T16:43:39.000Z
1260,0,0,,847,172,2018-04-25T16:44:07.000Z
1261,0,0,$400.00,848,12,2018-04-25T18:34:19.000Z
1262,0,0,,849,13,2018-04-25T18:53:39.000Z
1263,0,0,$600.00,850,12,2018-04-25T18:55:25.000Z
1264,0,0,$800.00,851,12,2018-04-25T19:07:21.000Z
1265,0,0,$400.00,851,173,2018-04-25T19:07:42.000Z
1266,0,0,,852,12,2018-04-25T19:15:29.000Z
1267,0,0,,853,110,2018-04-25T19:17:46.000Z
1268,0,0,$200.00,854,13,2018-04-25T19:20:04.000Z
1269,0,0,$800.00,855,14,2018-04-25T19:22:38.000Z
1270,0,0,,856,12,2018-04-25T19:25:23.000Z
1271,0,0,,857,13,2018-04-25T19:28:14.000Z
1272,0,0,,858,12,2018-04-25T19:30:11.000Z
1273,0,0,$200.00,859,14,2018-04-25T19:32:43.000Z
1274,0,0,$150.00,859,15,2018-04-25T19:33:02.000Z
1275,0,0,,860,13,2018-04-25T19:34:57.000Z
1276,0,0,,860,174,2018-04-25T19:35:33.000Z
1277,0,0,,861,13,2018-04-25T20:28:02.000Z
1278,0,0,$200.00,862,14,2018-04-25T20:34:09.000Z
1279,0,0,,863,13,2018-04-25T20:37:07.000Z
1280,0,0,,864,12,2018-04-25T20:48:29.000Z
1281,0,0,,865,175,2018-04-30T13:56:36.000Z
1282,0,0,,865,176,2018-04-30T14:01:10.000Z
1283,0,0,,865,177,2018-04-30T14:04:06.000Z
1284,0,0,$600.00,866,12,2018-04-30T14:25:18.000Z
1285,0,0,$500.00,867,12,2018-04-30T14:34:55.000Z
1286,0,0,$450.00,868,12,2018-04-30T14:41:37.000Z
1287,0,0,$700.00,869,12,2018-04-30T15:05:52.000Z
1288,0,0,$700.00,870,12,2018-04-30T15:17:04.000Z
1289,1,0,,871,178,2018-04-30T15:22:15.000Z
1290,0,0,,871,179,2018-04-30T15:43:09.000Z
1291,0,0,,871,180,2018-04-30T15:47:42.000Z
1292,0,0,$600.00,872,12,2018-05-01T16:03:31.000Z
1293,0,0,$100.00,872,181,2018-05-01T16:03:50.000Z
1294,0,0,,872,182,2018-05-01T16:05:30.000Z
1295,0,0,$300.00,873,173,2018-05-01T16:25:29.000Z
1296,0,0,$100.00,873,96,2018-05-01T16:26:25.000Z
1297,0,0,"$1,400.00",874,14,2018-05-01T16:30:41.000Z
1298,0,0,$150.00,874,15,2018-05-01T16:30:59.000Z
1299,0,0,,874,183,2018-05-01T16:31:16.000Z
1300,0,0,-$100.00,874,127,2018-05-01T16:31:32.000Z
1301,0,0,-$100.00,875,184,2018-05-01T16:55:06.000Z
1302,0,0,,876,12,2018-05-01T18:07:40.000Z
1303,0,0,$600.00,877,12,2018-05-01T18:59:13.000Z
1304,0,0,,878,13,2018-05-01T19:01:24.000Z
1305,0,0,$150.00,878,15,2018-05-01T19:01:44.000Z
1306,0,0,,879,14,2018-05-01T19:04:22.000Z
1307,0,0,$300.00,880,173,2018-05-01T19:06:20.000Z
1308,0,0,$100.00,880,96,2018-05-01T19:11:47.000Z
1309,0,0,$300.00,881,14,2018-05-01T19:14:04.000Z
1310,0,0,,882,12,2018-05-01T19:17:36.000Z
1311,0,0,,883,185,2018-05-01T19:33:29.000Z
1312,0,0,,884,15,2018-05-01T19:41:16.000Z
1313,0,0,$300.00,885,14,2018-05-01T19:57:52.000Z
1314,0,0,,885,15,2018-05-01T19:58:25.000Z
1315,0,0,-$100.00,886,184,2018-05-01T20:00:55.000Z
1316,1,0,,886,186,2018-05-01T20:01:26.000Z
1317,0,0,$600.00,887,12,2018-05-01T20:05:13.000Z
1318,0,0,$300.00,888,187,2018-05-02T15:32:27.000Z
1319,0,0,,889,12,2018-05-02T15:50:38.000Z
1320,0,0,$400.00,890,173,2018-05-02T15:52:39.000Z
1321,0,0,$400.00,891,173,2018-05-02T15:55:12.000Z
1322,1,0,,891,186,2018-05-02T15:56:25.000Z
1323,0,0,$300.00,892,173,2018-05-02T15:58:30.000Z
1324,0,0,,893,13,2018-05-02T16:02:13.000Z
1325,0,0,,894,13,2018-05-02T16:06:00.000Z
1326,0,0,,895,13,2018-05-02T16:07:23.000Z
1327,0,0,,896,12,2018-05-02T16:09:59.000Z
1328,0,0,,897,188,2018-05-02T16:16:46.000Z
1329,0,0,,898,14,2018-05-02T16:20:52.000Z
1330,0,0,,898,,2018-05-02T16:21:08.000Z
1331,0,0,,899,12,2018-05-02T16:22:52.000Z
1332,0,0,,900,12,2018-05-02T16:24:53.000Z
1333,0,0,,901,14,2018-05-02T16:27:09.000Z
1334,0,0,$600.00,902,12,2018-05-02T16:29:32.000Z
1335,0,0,$100.00,902,181,2018-05-02T16:29:45.000Z
1336,0,0,,903,14,2018-05-02T17:26:25.000Z
1337,0,0,,904,13,2018-05-02T17:29:36.000Z
1338,0,0,,905,12,2018-05-02T17:31:04.000Z
1339,0,0,,906,14,2018-05-02T17:55:57.000Z
1340,0,0,,907,13,2018-05-02T17:58:09.000Z
1341,0,0,$300.00,908,14,2018-05-02T18:00:03.000Z
1342,0,0,,909,12,2018-05-02T18:01:39.000Z
1343,0,0,,910,12,2018-05-02T18:03:33.000Z
1344,0,0,,911,14,2018-05-02T18:05:09.000Z
1345,0,0,,912,12,2018-05-02T18:06:46.000Z
1346,0,0,,913,12,2018-05-02T18:08:31.000Z
1347,0,0,,914,14,2018-05-02T18:10:48.000Z
1348,0,0,,915,12,2018-05-02T18:13:04.000Z
1349,0,0,,916,12,2018-05-02T18:14:43.000Z
1350,0,0,,917,12,2018-05-02T18:18:28.000Z
1351,0,0,$200.00,918,12,2018-05-02T18:21:47.000Z
1352,0,0,$150.00,918,15,2018-05-02T18:22:07.000Z
1353,0,0,,919,13,2018-05-02T18:23:40.000Z
1354,0,0,,919,189,2018-05-02T18:23:52.000Z
1355,0,0,,920,12,2018-05-02T18:31:07.000Z
1356,0,0,$100.00,921,12,2018-05-02T18:35:56.000Z
1357,0,0,,922,12,2018-05-02T18:38:30.000Z
1358,0,0,"$1,400.00",923,14,2018-05-02T20:07:18.000Z
1359,0,0,,923,183,2018-05-02T20:07:48.000Z
1360,0,0,$150.00,923,15,2018-05-02T20:08:00.000Z
1361,0,0,-$100.00,923,127,2018-05-02T20:08:14.000Z
1362,0,0,,924,12,2018-05-02T20:10:43.000Z
1363,0,0,$100.00,925,12,2018-05-02T20:12:24.000Z
1364,0,0,,926,110,2018-05-02T20:14:42.000Z
1365,0,0,,927,12,2018-05-02T20:16:41.000Z
1366,0,0,-$40.00,927,189,2018-05-02T20:17:03.000Z
1367,0,0,,928,190,2018-05-02T21:26:19.000Z
1368,0,0,,928,96,2018-05-02T21:28:29.000Z
1369,0,0,,928,191,2018-05-02T21:29:02.000Z
1370,0,0,$600.00,929,14,2018-05-02T21:42:43.000Z
1371,0,0,,929,192,2018-05-02T21:43:42.000Z
1372,0,0,$150.00,929,193,2018-05-02T21:46:07.000Z
1373,0,0,-$400.00,929,194,2018-05-02T21:48:46.000Z
1374,0,0,"-$2,800.00",929,195,2018-05-02T21:49:26.000Z
1375,0,0,,929,196,2018-05-02T21:50:58.000Z
1376,0,0,,929,197,2018-05-02T21:52:29.000Z
1377,0,0,,929,198,2018-05-02T21:56:43.000Z
1378,0,0,,929,199,2018-05-02T21:58:35.000Z
1379,0,0,,930,12,2018-05-02T22:03:54.000Z
1380,0,0,,931,12,2018-05-02T22:05:19.000Z
1381,0,0,$100.00,932,14,2018-05-02T22:06:52.000Z
1382,0,0,$100.00,933,12,2018-05-02T22:08:33.000Z
1383,0,0,,934,13,2018-05-02T22:10:23.000Z
1384,0,0,,935,12,2018-05-03T13:42:06.000Z
1385,0,0,,936,12,2018-05-03T13:44:11.000Z
1386,0,0,$200.00,937,12,2018-05-03T13:45:55.000Z
1387,0,0,$150.00,937,15,2018-05-03T13:46:09.000Z
1388,0,0,,938,110,2018-05-03T13:48:05.000Z
1389,0,0,$150.00,935,15,2018-05-03T13:49:52.000Z
1390,0,0,,939,12,2018-05-03T13:52:15.000Z
1391,0,0,,940,2,2018-05-03T13:55:02.000Z
1392,0,0,,941,6,2018-05-03T13:56:46.000Z
1393,0,0,,942,2,2018-05-03T14:01:00.000Z
1394,0,0,,943,3,2018-05-03T14:03:31.000Z
1395,0,0,,944,3,2018-05-03T14:07:07.000Z
1396,0,0,,945,3,2018-05-03T14:09:22.000Z
1397,0,0,$500.00,946,39,2018-05-03T14:12:00.000Z
1398,0,0,,947,7,2018-05-03T14:14:39.000Z
1399,0,0,$200.00,948,6,2018-05-03T14:16:14.000Z
1400,0,0,,949,2,2018-05-03T14:17:46.000Z
1401,0,0,,950,2,2018-05-03T14:19:51.000Z
1402,0,0,,951,6,2018-05-03T14:22:09.000Z
1403,0,0,,952,3,2018-05-03T14:26:35.000Z
1404,0,0,$400.00,953,39,2018-05-03T14:28:32.000Z
1405,0,0,,954,6,2018-05-03T14:35:24.000Z
1406,0,0,,955,33,2018-05-03T14:37:42.000Z
1407,0,0,$400.00,956,39,2018-05-03T14:39:07.000Z
1408,0,0,,957,2,2018-05-03T14:42:06.000Z
1409,0,0,,958,2,2018-05-03T14:43:47.000Z
1410,0,0,,959,2,2018-05-03T14:46:16.000Z
1411,0,0,$100.00,960,3,2018-05-03T14:54:07.000Z
1412,0,0,,946,17,2018-05-03T14:56:45.000Z
1413,0,0,,961,7,2018-05-03T14:58:47.000Z
1414,0,0,,962,3,2018-05-03T15:03:22.000Z
1415,0,0,$450.00,963,33,2018-05-03T15:05:59.000Z
1416,0,0,,963,105,2018-05-03T15:07:03.000Z
1417,0,0,,964,3,2018-05-03T15:09:08.000Z
1418,0,0,,964,17,2018-05-03T15:09:27.000Z
1419,0,0,$300.00,965,31,2018-05-03T15:12:20.000Z
1420,0,0,,966,200,2018-05-03T15:15:15.000Z
1421,0,0,,966,33,2018-05-03T15:17:45.000Z
1422,0,0,"$1,100.00",967,39,2018-05-03T15:23:39.000Z
1423,0,0,$800.00,968,39,2018-05-03T15:29:23.000Z
1424,0,0,,968,98,2018-05-03T15:38:41.000Z
1425,0,0,,968,201,2018-05-03T15:40:30.000Z
1426,0,0,$200.00,969,133,2018-05-03T16:06:58.000Z
1427,0,0,$200.00,970,133,2018-05-03T16:14:16.000Z
1428,0,0,,971,134,2018-05-03T16:15:28.000Z
1429,0,0,,972,134,2018-05-03T16:17:42.000Z
1430,0,0,,973,15,2018-05-03T16:19:56.000Z
1431,0,0,,974,134,2018-05-03T16:21:19.000Z
1432,0,0,,974,135,2018-05-03T16:21:28.000Z
1433,0,0,$100.00,975,134,2018-05-03T16:23:24.000Z
1434,0,0,,976,133,2018-05-03T16:25:00.000Z
1435,0,0,,977,134,2018-05-03T16:26:43.000Z
1436,0,0,,978,133,2018-05-03T16:28:37.000Z
1437,0,0,,978,202,2018-05-03T16:28:46.000Z
1438,0,0,$100.00,979,134,2018-05-03T16:30:29.000Z
1439,0,0,,980,133,2018-05-03T16:32:17.000Z
1440,0,0,,981,134,2018-05-03T16:34:05.000Z
1441,0,0,,982,133,2018-05-03T16:36:17.000Z
1442,0,0,,983,134,2018-05-03T16:41:53.000Z
1443,0,0,,984,134,2018-05-03T16:43:48.000Z
1444,0,0,,985,110,2018-05-03T16:45:44.000Z
1445,0,0,$500.00,986,205,2018-05-03T17:08:48.000Z
1446,0,0,,987,205,2018-05-03T19:20:41.000Z
1447,0,0,$300.00,988,204,2018-05-03T19:22:31.000Z
1448,0,0,,989,204,2018-05-03T19:24:09.000Z
1449,0,0,"$1,500.00",990,206,2018-05-03T19:26:37.000Z
1450,0,0,,991,206,2018-05-03T19:31:30.000Z
1451,0,0,,992,203,2018-05-03T19:33:51.000Z
1452,0,0,,993,204,2018-05-03T19:37:10.000Z
1453,0,0,,994,205,2018-05-03T19:43:00.000Z
1454,1,0,,994,15,2018-05-03T19:43:14.000Z
1455,0,0,,995,204,2018-05-03T19:47:37.000Z
1456,0,0,$100.00,996,204,2018-05-03T19:52:03.000Z
1457,0,0,,996,17,2018-05-03T19:52:19.000Z
1458,0,0,,997,205,2018-05-03T19:53:44.000Z
1459,0,0,,998,205,2018-05-03T19:55:38.000Z
1460,0,0,,999,205,2018-05-03T19:57:07.000Z
1461,0,0,$200.00,1000,205,2018-05-03T19:59:38.000Z
1462,0,0,,1001,205,2018-05-03T20:02:08.000Z
1463,0,0,,1002,205,2018-05-03T20:04:04.000Z
1464,0,0,"$1,000.00",1003,207,2018-05-03T20:06:06.000Z
1465,0,0,$100.00,1004,205,2018-05-03T20:08:24.000Z
1466,0,0,$450.00,1005,33,2018-05-07T15:40:27.000Z
1467,0,0,,1005,105,2018-05-07T15:40:56.000Z
1468,0,0,,1006,6,2018-05-22T18:15:31.000Z
1469,0,0,,1007,2,2018-05-22T22:36:24.000Z
1470,0,0,$450.00,1008,33,2018-05-22T23:19:40.000Z
1471,0,0,,1008,105,2018-05-22T23:20:13.000Z
1472,0,0,-$160.00,1009,208,2018-05-24T17:55:57.000Z
1473,0,0,"$1,110.00",1009,209,2018-05-24T18:08:04.000Z
1474,0,0,,1009,210,2018-05-24T18:17:40.000Z
1475,0,0,,1010,104,2018-05-25T16:21:21.000Z
1476,0,0,,1010,211,2018-05-25T16:24:44.000Z
1477,0,0,,1010,212,2018-05-25T16:25:55.000Z
1478,0,0,,1010,213,2018-05-25T16:27:14.000Z
1479,0,0,,1011,2,2018-05-25T16:30:04.000Z
1480,0,0,,1012,3,2018-05-25T16:31:50.000Z
1481,0,0,,1013,3,2018-05-25T16:37:32.000Z
1482,0,0,,1014,2,2018-05-25T16:39:46.000Z
1483,0,0,$300.00,1015,207,2018-05-25T16:42:10.000Z
1484,0,0,,1015,17,2018-05-25T16:43:50.000Z
1485,0,0,,1016,54,2018-05-29T17:42:19.000Z
1486,0,0,$550.00,1017,39,2018-05-31T19:48:06.000Z
1487,0,0,,1018,2,2018-05-31T20:46:34.000Z
1488,0,0,,1019,127,2018-05-31T21:14:23.000Z
1489,0,0,,1019,214,2018-05-31T21:15:42.000Z
1490,0,0,,1008,215,2018-06-04T15:58:52.000Z
1491,0,0,,1020,110,2018-06-04T17:52:49.000Z
1492,0,0,,1021,217,2018-06-04T20:46:47.000Z
1493,0,0,,1021,218,2018-06-04T20:47:30.000Z
1494,1,0,,1021,219,2018-06-04T20:48:28.000Z
1495,0,0,,1022,221,2018-06-04T21:06:56.000Z
1496,0,0,,1022,220,2018-06-04T21:07:25.000Z
1497,0,0,,1022,222,2018-06-05T16:36:25.000Z
1498,1,0,,1022,223,2018-06-05T16:37:33.000Z
1499,0,0,-$700.00,1022,224,2018-06-05T16:39:18.000Z
1500,0,0,,1023,225,2018-06-05T20:22:41.000Z
1501,0,0,,1024,226,2018-06-07T15:35:05.000Z
1502,0,0,-$300.00,1024,227,2018-06-07T15:53:20.000Z
1503,0,0,-$150.00,1024,228,2018-06-07T15:53:56.000Z
1504,0,0,,1024,229,2018-06-07T15:54:35.000Z
1505,0,0,,1024,230,2018-06-07T15:57:01.000Z
1506,0,0,,1025,231,2018-06-07T16:05:54.000Z
1507,0,0,,1026,232,2018-06-08T00:34:52.000Z
1508,0,0,,1026,233,2018-06-08T00:36:24.000Z
1509,0,0,,1026,234,2018-06-08T00:38:14.000Z
1510,0,0,,1026,235,2018-06-08T00:40:32.000Z
1511,0,0,"-$1,500.00",1028,262,2018-06-12T17:27:39.000Z
1512,0,0,,1028,241,2018-06-12T17:30:17.000Z
1513,0,0,,1028,238,2018-06-12T17:32:29.000Z
1514,0,0,,1028,239,2018-06-12T17:34:53.000Z
1515,0,0,,1028,240,2018-06-12T17:36:50.000Z
1516,0,0,,1028,237,2018-06-12T17:40:21.000Z
1517,0,0,,1028,242,2018-06-12T17:47:33.000Z
1518,1,0,,1021,88,2018-06-12T18:15:24.000Z
1519,1,0,,1021,243,2018-06-12T18:19:50.000Z
1520,0,0,,1021,244,2018-06-12T18:21:19.000Z
1521,0,0,,1029,245,2018-06-18T14:44:51.000Z
1522,0,0,,1029,246,2018-06-18T14:49:31.000Z
1523,1,0,,1029,247,2018-06-18T14:56:52.000Z
1524,1,0,,1029,248,2018-06-18T15:00:42.000Z
1525,1,0,,1029,249,2018-06-18T15:12:07.000Z
1526,1,0,,1029,250,2018-06-18T15:16:40.000Z
1527,1,0,,1029,251,2018-06-18T15:18:05.000Z
1528,1,0,,1029,230,2018-06-18T15:18:35.000Z
1529,0,0,,1030,252,2018-06-18T15:21:34.000Z
1530,0,0,,1031,253,2018-06-18T15:33:15.000Z
1531,0,0,,1031,254,2018-06-18T15:34:39.000Z
1532,0,0,-$450.00,1031,255,2018-06-18T15:36:33.000Z
1533,0,0,-$150.00,1022,256,2018-06-18T18:40:11.000Z
1534,0,0,,1032,181,2018-06-20T17:16:32.000Z
1535,0,0,,1032,216,2018-06-20T17:17:39.000Z
1536,0,0,,1032,258,2018-06-20T17:19:13.000Z
1537,0,0,,1033,259,2018-06-20T17:27:11.000Z
1538,0,0,,1033,260,2018-06-20T17:46:22.000Z
1539,1,0,,1033,261,2018-06-20T17:50:03.000Z
1540,0,0,$300.00,1027,14,2018-06-26T18:36:49.000Z
1541,0,0,,1034,56,2018-06-26T19:58:36.000Z
1542,0,0,,1035,33,2018-06-26T20:40:15.000Z
1543,0,0,,1036,12,2018-06-26T20:41:49.000Z
1544,0,0,$50.00,1036,15,2018-06-26T20:42:33.000Z
1545,0,0,$650.00,1037,263,2018-06-27T14:57:38.000Z
1546,0,0,$600.00,1037,264,2018-06-27T15:38:25.000Z
1547,0,0,,1037,265,2018-06-27T15:44:48.000Z
1548,0,0,-$100.00,1037,184,2018-06-27T15:48:44.000Z
1549,0,0,$600.00,1037,127,2018-06-27T15:52:29.000Z
1550,0,0,,1037,266,2018-06-27T15:53:11.000Z
1551,1,0,,1037,267,2018-06-27T15:58:09.000Z
1552,0,0,$450.00,1037,193,2018-06-27T15:58:49.000Z
1553,0,0,,1038,268,2018-06-27T16:52:12.000Z
1554,1,0,,1038,269,2018-06-27T16:56:17.000Z
1555,1,0,,1038,270,2018-06-27T16:58:55.000Z
1556,0,0,$800.00,1039,271,2018-06-27T17:08:25.000Z
1557,0,0,"$1,500.00",1039,217,2018-06-27T17:10:02.000Z
1558,0,0,,1039,272,2018-06-27T17:10:56.000Z
1559,0,0,$200.00,1039,273,2018-06-27T17:15:10.000Z
1560,0,0,-$250.00,1039,244,2018-06-27T17:18:33.000Z
1561,0,0,"-$2,150.00",1039,275,2018-06-27T17:19:16.000Z
1562,0,0,-$250.00,1039,276,2018-06-27T17:22:28.000Z
1563,0,0,-$250.00,1039,277,2018-06-27T17:22:55.000Z
1564,0,0,-$100.00,1039,278,2018-06-27T17:24:02.000Z
1565,0,0,"$2,500.00",1040,279,2018-06-27T17:25:53.000Z
1566,0,0,,1040,280,2018-06-27T17:47:11.000Z
1567,0,0,-$25.00,1040,281,2018-07-05T18:57:49.000Z
1568,0,0,,1040,282,2018-07-05T19:01:54.000Z
1569,0,0,,1040,283,2018-07-05T19:07:07.000Z
1570,0,0,,1040,284,2018-07-05T19:14:27.000Z
1571,0,0,,1040,285,2018-07-05T19:16:27.000Z
1572,1,0,,1033,286,2018-07-05T19:21:32.000Z
1573,1,0,,1033,287,2018-07-05T19:23:35.000Z
1574,1,0,,1033,288,2018-07-05T19:29:14.000Z
1575,1,0,,1033,289,2018-07-05T19:44:59.000Z
1576,1,0,,1033,290,2018-07-05T19:48:35.000Z
1577,1,0,,1033,291,2018-07-05T19:54:46.000Z
1578,1,0,,1033,292,2018-07-05T19:55:40.000Z
1579,1,0,,1033,293,2018-07-05T19:59:50.000Z
1580,1,0,,1033,294,2018-07-05T20:03:48.000Z
1581,1,0,,1033,295,2018-07-05T20:07:20.000Z
1582,1,0,,1033,296,2018-07-05T20:09:24.000Z
1583,1,0,,1033,297,2018-07-05T20:11:14.000Z
1584,0,0,"-$1,600.00",1033,298,2018-07-05T20:13:53.000Z
1585,0,0,-$250.00,1033,299,2018-07-05T20:16:06.000Z
1586,0,0,,1039,300,2018-07-06T14:11:44.000Z
1587,0,0,,1039,301,2018-07-06T14:13:41.000Z
1588,0,0,,1041,302,2018-07-06T14:18:36.000Z
1589,0,0,,1041,303,2018-07-06T14:21:46.000Z
1590,0,0,,1041,304,2018-07-06T14:24:02.000Z
1591,0,0,,1041,305,2018-07-06T14:25:22.000Z
1592,0,0,,1042,306,2018-07-06T14:28:28.000Z
1593,0,0,,1042,307,2018-07-06T14:29:36.000Z
1594,0,0,,1042,308,2018-07-06T14:54:34.000Z
1595,1,0,,1042,309,2018-07-06T14:56:35.000Z
1596,0,0,,1042,310,2018-07-06T14:58:12.000Z
1597,0,0,,1042,311,2018-07-06T14:59:22.000Z
1598,1,0,,1042,312,2018-07-06T15:02:35.000Z
1599,1,0,,1042,313,2018-07-06T15:02:54.000Z
1600,1,0,,1042,314,2018-07-06T15:03:34.000Z
1601,1,0,,1042,315,2018-07-06T15:04:14.000Z
1602,1,0,,1042,316,2018-07-06T15:05:28.000Z
1603,1,0,,1042,244,2018-07-06T15:06:49.000Z
1604,0,0,,1042,317,2018-07-06T15:07:30.000Z
1605,0,0,$400.00,1043,328,2018-07-06T15:49:24.000Z
1606,0,0,-$200.00,1043,230,2018-07-06T15:49:58.000Z
1607,0,0,,1043,249,2018-07-06T15:55:01.000Z
1608,0,0,,1043,327,2018-07-06T15:56:09.000Z
1609,0,0,,1043,248,2018-07-06T15:56:49.000Z
1610,0,0,,1043,326,2018-07-06T15:58:01.000Z
1611,0,0,,1043,325,2018-07-06T15:58:37.000Z
1612,0,0,,1043,324,2018-07-06T15:59:36.000Z
1613,0,0,,1043,323,2018-07-06T16:00:54.000Z
1614,0,0,,1043,322,2018-07-06T16:01:23.000Z
1615,0,0,,1043,321,2018-07-06T16:01:44.000Z
1616,0,0,,1043,320,2018-07-06T16:02:43.000Z
1617,0,0,$100.00,1043,318,2018-07-06T16:02:53.000Z
1618,0,0,$100.00,1043,127,2018-07-06T16:03:07.000Z
1619,0,0,,1044,323,2018-07-09T18:36:52.000Z
1620,0,0,,1044,322,2018-07-09T18:39:31.000Z
1621,0,0,$100.00,1044,86,2018-07-09T18:40:13.000Z
1622,0,0,$200.00,1044,330,2018-07-09T18:41:12.000Z
1623,0,0,,1044,331,2018-07-09T18:44:17.000Z
1624,0,0,$100.00,1044,328,2018-07-09T18:52:48.000Z
1625,0,0,$200.00,1044,332,2018-07-09T18:54:14.000Z
1626,0,0,,1045,323,2018-07-09T19:32:02.000Z
1627,0,0,,1045,322,2018-07-09T19:35:02.000Z
1628,0,0,$100.00,1045,86,2018-07-09T19:35:42.000Z
1629,0,0,$200.00,1045,330,2018-07-09T19:36:25.000Z
1630,0,0,,1045,331,2018-07-09T19:37:09.000Z
1631,0,0,$100.00,1045,328,2018-07-09T19:39:29.000Z
1632,0,0,$200.00,1045,332,2018-07-09T19:40:23.000Z
1633,0,0,,1046,56,2018-07-23T18:38:30.000Z
1634,0,0,,1047,12,2018-07-23T18:40:52.000Z
1635,0,0,,1048,333,2018-07-23T19:44:36.000Z
1636,0,0,-$50.00,1048,334,2018-07-23T19:53:09.000Z
1637,0,0,,1048,335,2018-07-23T19:59:08.000Z
1638,0,0,-$100.00,1049,86,2018-07-23T20:14:28.000Z
1639,1,0,,1049,87,2018-07-23T20:14:47.000Z
1640,0,0,,1049,322,2018-07-23T20:15:18.000Z
1641,0,0,,1049,324,2018-07-23T20:15:35.000Z
1642,0,0,,1049,336,2018-07-23T20:16:02.000Z
1643,0,0,-$100.00,1049,337,2018-07-23T20:16:27.000Z
1644,0,0,-$50.00,1049,338,2018-07-23T20:20:00.000Z
1645,1,0,,1049,339,2018-07-23T20:22:06.000Z
1646,0,0,-$200.00,1049,83,2018-07-23T20:22:54.000Z
1647,0,0,$100.00,1049,340,2018-07-23T20:23:13.000Z
1648,0,0,,1050,348,2018-07-23T20:41:56.000Z
1649,0,0,,1050,347,2018-07-23T20:43:15.000Z
1650,0,0,,1050,346,2018-07-23T20:44:42.000Z
1651,1,0,,1050,345,2018-07-23T20:45:38.000Z
1652,0,0,,1050,291,2018-07-23T21:04:29.000Z
1653,0,0,,1050,244,2018-07-23T21:05:07.000Z
1654,1,0,,1050,344,2018-07-23T21:05:23.000Z
1655,0,0,,1050,343,2018-07-23T21:54:48.000Z
1656,0,0,,1050,342,2018-07-23T21:55:55.000Z
1657,0,0,,1050,317,2018-07-23T22:00:23.000Z
1658,0,0,,1066,348,2018-07-24T01:17:48.000Z
1659,0,0,,1066,347,2018-07-24T01:17:52.000Z
1660,0,0,,1066,346,2018-07-24T01:17:56.000Z
1661,1,0,,1066,345,2018-07-24T01:17:59.000Z
1662,0,0,,1066,291,2018-07-24T01:18:05.000Z
1663,0,0,,1066,244,2018-07-24T01:18:10.000Z
1664,1,0,,1066,344,2018-07-24T01:18:13.000Z
1665,0,0,,1066,343,2018-07-24T01:18:16.000Z
1666,0,0,,1066,342,2018-07-24T01:18:19.000Z
1667,0,0,,1066,317,2018-07-24T01:18:22.000Z
1668,0,0,,1065,348,2018-07-24T01:18:26.000Z
1669,0,0,,1065,347,2018-07-24T01:18:29.000Z
1670,0,0,,1065,346,2018-07-24T01:18:32.000Z
1671,1,0,,1065,345,2018-07-24T01:18:35.000Z
1672,0,0,,1065,291,2018-07-24T01:18:38.000Z
1673,0,0,,1065,244,2018-07-24T01:18:41.000Z
1674,1,0,,1065,344,2018-07-24T01:18:44.000Z
1675,0,0,,1065,343,2018-07-24T01:18:46.000Z
1676,0,0,,1065,342,2018-07-24T01:18:48.000Z
1677,0,0,,1065,317,2018-07-24T01:18:52.000Z
1678,0,0,,1064,348,2018-07-24T01:18:55.000Z
1679,0,0,,1064,347,2018-07-24T01:18:59.000Z
1680,0,0,,1064,346,2018-07-24T01:19:01.000Z
1681,1,0,,1064,345,2018-07-24T01:19:04.000Z
1682,0,0,,1064,291,2018-07-24T01:19:06.000Z
1683,0,0,,1064,244,2018-07-24T01:19:09.000Z
1684,1,0,,1064,344,2018-07-24T01:19:13.000Z
1685,0,0,,1064,343,2018-07-24T01:19:16.000Z
1686,0,0,,1064,342,2018-07-24T01:19:18.000Z
1687,0,0,,1064,317,2018-07-24T01:19:21.000Z
1688,0,0,,1063,348,2018-07-24T01:19:25.000Z
1689,0,0,,1063,347,2018-07-24T01:19:28.000Z
1690,0,0,,1063,346,2018-07-24T01:19:31.000Z
1691,1,0,,1063,345,2018-07-24T01:19:33.000Z
1692,0,0,,1063,291,2018-07-24T01:19:35.000Z
1693,0,0,,1063,244,2018-07-24T01:19:38.000Z
1694,1,0,,1063,344,2018-07-24T01:19:41.000Z
1695,0,0,,1063,343,2018-07-24T01:19:45.000Z
1696,0,0,,1063,342,2018-07-24T01:19:48.000Z
1697,0,0,,1063,317,2018-07-24T01:19:50.000Z
1698,0,0,,1062,348,2018-07-24T01:26:46.000Z
1699,0,0,,1062,347,2018-07-24T01:26:59.000Z
1700,0,0,,1062,346,2018-07-24T01:27:02.000Z
1701,1,0,,1062,345,2018-07-24T01:27:54.000Z
1702,0,0,,1062,291,2018-07-24T01:27:58.000Z
1703,0,0,,1062,244,2018-07-24T01:28:02.000Z
1704,1,0,,1062,344,2018-07-24T01:28:05.000Z
1705,0,0,,1062,343,2018-07-24T01:28:08.000Z
1706,0,0,,1062,342,2018-07-24T01:28:11.000Z
1707,0,0,,1062,317,2018-07-24T01:28:14.000Z
1708,0,0,,1061,348,2018-07-24T01:28:21.000Z
1709,0,0,,1061,347,2018-07-24T01:28:23.000Z
1710,0,0,,1061,346,2018-07-24T01:28:28.000Z
1711,0,0,,1051,348,2018-07-24T01:28:32.000Z
1712,0,0,,1051,347,2018-07-24T01:28:36.000Z
1713,0,0,,1051,346,2018-07-24T01:28:39.000Z
1714,1,0,,1051,345,2018-07-24T01:28:41.000Z
1715,0,0,,1051,291,2018-07-24T01:28:44.000Z
1716,1,0,,1061,345,2018-07-24T01:28:52.000Z
1717,0,0,,1061,291,2018-07-24T01:28:58.000Z
1718,0,0,,1061,244,2018-07-24T01:29:01.000Z
1719,1,0,,1061,344,2018-07-24T01:29:04.000Z
1720,0,0,,1061,343,2018-07-24T01:29:06.000Z
1721,0,0,,1061,342,2018-07-24T01:29:09.000Z
1722,0,0,,1061,317,2018-07-24T01:29:11.000Z
1723,0,0,,1051,244,2018-07-24T01:29:14.000Z
1724,1,0,,1051,344,2018-07-24T01:29:17.000Z
1725,0,0,,1051,343,2018-07-24T01:29:19.000Z
1726,0,0,,1051,342,2018-07-24T01:29:22.000Z
1727,0,0,,1051,317,2018-07-24T01:29:25.000Z
1728,0,0,,1052,348,2018-07-24T01:29:28.000Z
1729,0,0,,1052,347,2018-07-24T01:29:31.000Z
1730,0,0,,1052,346,2018-07-24T01:29:34.000Z
1731,1,0,,1052,345,2018-07-24T01:29:37.000Z
1732,0,0,,1052,291,2018-07-24T01:29:39.000Z
1733,0,0,,1052,244,2018-07-24T01:29:43.000Z
1734,1,0,,1052,344,2018-07-24T01:29:45.000Z
1735,0,0,,1052,343,2018-07-24T01:29:48.000Z
1736,0,0,,1052,342,2018-07-24T01:29:51.000Z
1737,0,0,,1052,317,2018-07-24T01:29:54.000Z
1738,0,0,,1053,348,2018-07-24T01:29:57.000Z
1739,0,0,,1053,347,2018-07-24T01:30:00.000Z
1740,0,0,,1053,346,2018-07-24T01:30:04.000Z
1741,1,0,,1053,345,2018-07-24T01:30:06.000Z
1742,0,0,,1053,291,2018-07-24T01:30:09.000Z
1743,0,0,,1053,244,2018-07-24T01:30:11.000Z
1744,1,0,,1053,344,2018-07-24T01:30:14.000Z
1745,0,0,,1053,343,2018-07-24T01:30:16.000Z
1746,0,0,,1053,342,2018-07-24T01:30:21.000Z
1747,0,0,,1053,317,2018-07-24T01:30:23.000Z
1748,0,0,,1054,348,2018-07-24T01:30:26.000Z
1749,0,0,,1054,347,2018-07-24T01:30:29.000Z
1750,0,0,,1054,346,2018-07-24T01:30:32.000Z
1751,1,0,,1054,345,2018-07-24T01:30:35.000Z
1752,0,0,,1054,291,2018-07-24T01:30:39.000Z
1753,0,0,,1054,244,2018-07-24T01:30:42.000Z
1754,1,0,,1054,344,2018-07-24T01:30:45.000Z
1755,0,0,,1054,343,2018-07-24T01:30:48.000Z
1756,0,0,,1054,342,2018-07-24T01:30:50.000Z
1757,0,0,,1054,317,2018-07-24T01:30:53.000Z
1758,0,0,,1055,348,2018-07-24T01:30:57.000Z
1759,0,0,,1055,347,2018-07-24T01:31:00.000Z
1760,0,0,,1055,346,2018-07-24T01:31:02.000Z
1761,1,0,,1055,345,2018-07-24T01:31:05.000Z
1762,0,0,,1055,291,2018-07-24T01:31:08.000Z
1763,0,0,,1055,244,2018-07-24T01:31:11.000Z
1764,1,0,,1055,344,2018-07-24T01:31:14.000Z
1765,0,0,,1055,343,2018-07-24T01:31:17.000Z
1766,0,0,,1055,342,2018-07-24T01:31:20.000Z
1767,0,0,,1055,317,2018-07-24T01:31:22.000Z
1768,0,0,,1056,348,2018-07-24T01:31:26.000Z
1769,0,0,,1056,347,2018-07-24T01:31:29.000Z
1770,0,0,,1056,346,2018-07-24T01:31:33.000Z
1771,1,0,,1056,345,2018-07-24T01:31:36.000Z
1772,0,0,,1056,291,2018-07-24T01:31:39.000Z
1773,0,0,,1056,244,2018-07-24T01:31:42.000Z
1774,1,0,,1056,344,2018-07-24T01:31:45.000Z
1775,0,0,,1056,343,2018-07-24T01:31:47.000Z
1776,0,0,,1056,342,2018-07-24T01:31:50.000Z
1777,0,0,,1056,317,2018-07-24T01:31:54.000Z
1778,0,0,,1057,348,2018-07-24T01:32:04.000Z
1779,0,0,,1057,347,2018-07-24T01:32:08.000Z
1780,0,0,,1057,346,2018-07-24T01:32:13.000Z
1781,0,0,,1058,348,2018-07-24T01:32:53.000Z
1782,0,0,,1058,347,2018-07-24T01:33:00.000Z
1783,1,0,,1057,345,2018-07-24T01:33:04.000Z
1784,0,0,,1057,291,2018-07-24T01:33:07.000Z
1785,0,0,,1057,244,2018-07-24T01:33:10.000Z
1786,1,0,,1057,344,2018-07-24T01:33:12.000Z
1787,0,0,,1057,343,2018-07-24T01:33:15.000Z
1788,0,0,,1057,342,2018-07-24T01:33:17.000Z
1789,0,0,,1057,317,2018-07-24T01:33:20.000Z
1790,0,0,,1058,346,2018-07-24T01:33:24.000Z
1791,1,0,,1058,345,2018-07-24T01:33:26.000Z
1792,0,0,,1058,291,2018-07-24T01:33:29.000Z
1793,0,0,,1058,244,2018-07-24T01:33:32.000Z
1794,1,0,,1058,344,2018-07-24T01:33:35.000Z
1795,0,0,,1058,343,2018-07-24T01:33:37.000Z
1796,0,0,,1058,342,2018-07-24T01:33:40.000Z
1797,0,0,,1058,317,2018-07-24T01:33:43.000Z
1798,0,0,,1059,348,2018-07-24T01:33:46.000Z
1799,0,0,,1059,347,2018-07-24T01:33:48.000Z
1800,0,0,,1059,346,2018-07-24T01:33:51.000Z
1801,1,0,,1059,345,2018-07-24T01:33:54.000Z
1802,0,0,,1059,291,2018-07-24T01:33:56.000Z
1803,0,0,,1059,244,2018-07-24T01:33:59.000Z
1804,1,0,,1059,344,2018-07-24T01:34:02.000Z
1805,0,0,,1059,343,2018-07-24T01:34:04.000Z
1806,0,0,,1059,342,2018-07-24T01:34:07.000Z
1807,0,0,,1059,317,2018-07-24T01:34:10.000Z
1808,0,0,,1060,348,2018-07-24T01:34:14.000Z
1809,0,0,,1060,347,2018-07-24T01:34:17.000Z
1810,0,0,,1060,346,2018-07-24T01:34:19.000Z
1811,1,0,,1060,345,2018-07-24T01:34:22.000Z
1812,0,0,,1060,291,2018-07-24T01:34:25.000Z
1813,0,0,,1060,244,2018-07-24T01:34:27.000Z
1814,1,0,,1060,344,2018-07-24T01:34:30.000Z
1815,0,0,,1060,343,2018-07-24T01:34:32.000Z
1816,0,0,,1060,342,2018-07-24T01:34:35.000Z
1817,0,0,,1060,317,2018-07-24T01:34:37.000Z
1818,0,0,,1067,349,2018-08-07T16:41:34.000Z
1819,0,0,,1067,350,2018-08-07T16:46:12.000Z
1820,0,0,,1067,351,2018-08-07T16:48:52.000Z
1821,1,0,,1067,352,2018-08-07T16:50:12.000Z
1822,1,0,,1067,353,2018-08-07T16:52:41.000Z
1823,0,0,$40.00,1068,368,2018-08-07T17:03:11.000Z
1824,0,0,,1068,367,2018-08-07T17:06:23.000Z
1825,0,0,,1069,110,2018-08-07T17:18:27.000Z
1826,0,0,,1070,12,2018-08-07T17:22:03.000Z
1827,0,0,,1071,99,2018-08-07T17:47:11.000Z
1828,0,0,,1072,55,2018-08-07T17:51:55.000Z
1829,0,0,,1073,354,2018-08-07T18:08:08.000Z
1830,0,0,,1073,355,2018-08-07T18:20:37.000Z
1831,0,0,,1073,356,2018-08-07T18:22:39.000Z
1832,1,0,,1073,357,2018-08-07T18:26:46.000Z
1833,1,0,,1073,294,2018-08-07T18:29:05.000Z
1834,1,0,,1073,358,2018-08-07T18:33:14.000Z
1835,1,0,,1073,359,2018-08-07T18:35:05.000Z
1836,0,0,,1073,360,2018-08-07T18:36:24.000Z
1837,1,0,,1073,348,2018-08-07T18:38:16.000Z
1838,1,0,,1073,361,2018-08-07T18:39:09.000Z
1839,1,0,,1073,362,2018-08-07T18:41:19.000Z
1840,1,0,,1073,363,2018-08-07T18:51:13.000Z
1841,1,0,,1073,364,2018-08-07T18:54:49.000Z
1842,1,0,,1073,365,2018-08-07T18:57:30.000Z
1843,1,0,,1073,366,2018-08-07T19:01:47.000Z
1844,0,0,,1074,12,2018-08-07T19:08:32.000Z
1845,0,0,$150.00,1074,15,2018-08-07T19:08:43.000Z
1846,0,0,,1075,304,2018-08-07T19:12:33.000Z
1847,0,0,$50.00,1075,305,2018-08-07T19:13:05.000Z
1848,0,0,,1076,369,2018-08-14T16:59:54.000Z
1849,0,0,,1077,78,2018-08-14T17:05:42.000Z
1850,0,0,$200.00,1077,258,2018-08-14T17:06:06.000Z